solid 
 facet normal  1.119638e-01  9.937123e-01  0.000000e+00
   outer loop
     vertex  3.857542e+00  6.099771e+01  0.000000e+00
     vertex  3.412500e+00  6.104785e+01  0.000000e+00
     vertex  3.412500e+00  6.104785e+01  1.510000e+00
   endloop
 endfacet
 facet normal  1.119638e-01  9.937123e-01 -0.000000e+00
   outer loop
     vertex  3.857542e+00  6.099771e+01  0.000000e+00
     vertex  3.412500e+00  6.104785e+01  1.510000e+00
     vertex  3.857542e+00  6.099771e+01  1.510000e+00
   endloop
 endfacet
 facet normal  3.302787e-01  9.438835e-01 -0.000000e+00
   outer loop
     vertex  4.280268e+00  6.084979e+01  0.000000e+00
     vertex  3.857542e+00  6.099771e+01  1.510000e+00
     vertex  4.280268e+00  6.084979e+01  1.510000e+00
   endloop
 endfacet
 facet normal  3.302787e-01  9.438835e-01  0.000000e+00
   outer loop
     vertex  4.280268e+00  6.084979e+01  0.000000e+00
     vertex  3.857542e+00  6.099771e+01  0.000000e+00
     vertex  3.857542e+00  6.099771e+01  1.510000e+00
   endloop
 endfacet
 facet normal  5.320319e-01  8.467243e-01 -0.000000e+00
   outer loop
     vertex  4.659480e+00  6.061151e+01  0.000000e+00
     vertex  4.280268e+00  6.084979e+01  1.510000e+00
     vertex  4.659480e+00  6.061151e+01  1.510000e+00
   endloop
 endfacet
 facet normal  5.320319e-01  8.467243e-01  0.000000e+00
   outer loop
     vertex  4.659480e+00  6.061151e+01  0.000000e+00
     vertex  4.280268e+00  6.084979e+01  0.000000e+00
     vertex  4.280268e+00  6.084979e+01  1.510000e+00
   endloop
 endfacet
 facet normal  7.071068e-01  7.071068e-01 -0.000000e+00
   outer loop
     vertex  4.976163e+00  6.029483e+01  0.000000e+00
     vertex  4.659480e+00  6.061151e+01  1.510000e+00
     vertex  4.976163e+00  6.029483e+01  1.510000e+00
   endloop
 endfacet
 facet normal  7.071068e-01  7.071068e-01  0.000000e+00
   outer loop
     vertex  4.976163e+00  6.029483e+01  0.000000e+00
     vertex  4.659480e+00  6.061151e+01  0.000000e+00
     vertex  4.659480e+00  6.061151e+01  1.510000e+00
   endloop
 endfacet
 facet normal  8.467243e-01  5.320319e-01 -0.000000e+00
   outer loop
     vertex  5.214438e+00  5.991562e+01  0.000000e+00
     vertex  4.976163e+00  6.029483e+01  1.510000e+00
     vertex  5.214438e+00  5.991562e+01  1.510000e+00
   endloop
 endfacet
 facet normal  8.467243e-01  5.320319e-01  0.000000e+00
   outer loop
     vertex  5.214438e+00  5.991562e+01  0.000000e+00
     vertex  4.976163e+00  6.029483e+01  0.000000e+00
     vertex  4.976163e+00  6.029483e+01  1.510000e+00
   endloop
 endfacet
 facet normal  9.438835e-01  3.302787e-01 -0.000000e+00
   outer loop
     vertex  5.362356e+00  5.949289e+01  0.000000e+00
     vertex  5.214438e+00  5.991562e+01  1.510000e+00
     vertex  5.362356e+00  5.949289e+01  1.510000e+00
   endloop
 endfacet
 facet normal  9.438835e-01  3.302787e-01  0.000000e+00
   outer loop
     vertex  5.362356e+00  5.949289e+01  0.000000e+00
     vertex  5.214438e+00  5.991562e+01  0.000000e+00
     vertex  5.214438e+00  5.991562e+01  1.510000e+00
   endloop
 endfacet
 facet normal  9.937123e-01  1.119638e-01 -0.000000e+00
   outer loop
     vertex  5.412500e+00  5.904785e+01  0.000000e+00
     vertex  5.362356e+00  5.949289e+01  1.510000e+00
     vertex  5.412500e+00  5.904785e+01  1.510000e+00
   endloop
 endfacet
 facet normal  9.937123e-01  1.119638e-01  0.000000e+00
   outer loop
     vertex  5.412500e+00  5.904785e+01  0.000000e+00
     vertex  5.362356e+00  5.949289e+01  0.000000e+00
     vertex  5.362356e+00  5.949289e+01  1.510000e+00
   endloop
 endfacet
 facet normal  1.000000e+00  0.000000e+00  0.000000e+00
   outer loop
     vertex  5.412500e+00  5.829785e+01  0.000000e+00
     vertex  5.412500e+00  5.904785e+01  0.000000e+00
     vertex  5.412500e+00  5.904785e+01  1.510000e+00
   endloop
 endfacet
 facet normal  1.000000e+00  0.000000e+00  0.000000e+00
   outer loop
     vertex  5.412500e+00  5.829785e+01  0.000000e+00
     vertex  5.412500e+00  5.904785e+01  1.510000e+00
     vertex  5.412500e+00  5.829785e+01  1.510000e+00
   endloop
 endfacet
 facet normal  9.937123e-01  1.119638e-01  0.000000e+00
   outer loop
     vertex  5.462644e+00  5.785281e+01  0.000000e+00
     vertex  5.412500e+00  5.829785e+01  0.000000e+00
     vertex  5.412500e+00  5.829785e+01  1.510000e+00
   endloop
 endfacet
 facet normal  9.937123e-01  1.119638e-01 -0.000000e+00
   outer loop
     vertex  5.462644e+00  5.785281e+01  0.000000e+00
     vertex  5.412500e+00  5.829785e+01  1.510000e+00
     vertex  5.462644e+00  5.785281e+01  1.510000e+00
   endloop
 endfacet
 facet normal  9.438835e-01  3.302787e-01 -0.000000e+00
   outer loop
     vertex  5.610562e+00  5.743008e+01  0.000000e+00
     vertex  5.462644e+00  5.785281e+01  1.510000e+00
     vertex  5.610562e+00  5.743008e+01  1.510000e+00
   endloop
 endfacet
 facet normal  9.438835e-01  3.302787e-01  0.000000e+00
   outer loop
     vertex  5.610562e+00  5.743008e+01  0.000000e+00
     vertex  5.462644e+00  5.785281e+01  0.000000e+00
     vertex  5.462644e+00  5.785281e+01  1.510000e+00
   endloop
 endfacet
 facet normal  8.467243e-01  5.320319e-01 -0.000000e+00
   outer loop
     vertex  5.848837e+00  5.705087e+01  0.000000e+00
     vertex  5.610562e+00  5.743008e+01  1.510000e+00
     vertex  5.848837e+00  5.705087e+01  1.510000e+00
   endloop
 endfacet
 facet normal  8.467243e-01  5.320319e-01  0.000000e+00
   outer loop
     vertex  5.848837e+00  5.705087e+01  0.000000e+00
     vertex  5.610562e+00  5.743008e+01  0.000000e+00
     vertex  5.610562e+00  5.743008e+01  1.510000e+00
   endloop
 endfacet
 facet normal  7.071068e-01  7.071068e-01 -0.000000e+00
   outer loop
     vertex  6.165520e+00  5.673419e+01  0.000000e+00
     vertex  5.848837e+00  5.705087e+01  1.510000e+00
     vertex  6.165520e+00  5.673419e+01  1.510000e+00
   endloop
 endfacet
 facet normal  7.071068e-01  7.071068e-01  0.000000e+00
   outer loop
     vertex  6.165520e+00  5.673419e+01  0.000000e+00
     vertex  5.848837e+00  5.705087e+01  0.000000e+00
     vertex  5.848837e+00  5.705087e+01  1.510000e+00
   endloop
 endfacet
 facet normal  5.320319e-01  8.467243e-01 -0.000000e+00
   outer loop
     vertex  6.544732e+00  5.649591e+01  0.000000e+00
     vertex  6.165520e+00  5.673419e+01  1.510000e+00
     vertex  6.544732e+00  5.649591e+01  1.510000e+00
   endloop
 endfacet
 facet normal  5.320319e-01  8.467243e-01  0.000000e+00
   outer loop
     vertex  6.544732e+00  5.649591e+01  0.000000e+00
     vertex  6.165520e+00  5.673419e+01  0.000000e+00
     vertex  6.165520e+00  5.673419e+01  1.510000e+00
   endloop
 endfacet
 facet normal  3.302787e-01  9.438835e-01 -0.000000e+00
   outer loop
     vertex  6.967458e+00  5.634799e+01  0.000000e+00
     vertex  6.544732e+00  5.649591e+01  1.510000e+00
     vertex  6.967458e+00  5.634799e+01  1.510000e+00
   endloop
 endfacet
 facet normal  1.119638e-01  9.937123e-01 -0.000000e+00
   outer loop
     vertex  6.967458e+00  5.634799e+01  0.000000e+00
     vertex  6.967458e+00  5.634799e+01  1.510000e+00
     vertex  7.412500e+00  5.629785e+01  1.510000e+00
   endloop
 endfacet
 facet normal  3.302787e-01  9.438835e-01  0.000000e+00
   outer loop
     vertex  6.967458e+00  5.634799e+01  0.000000e+00
     vertex  6.544732e+00  5.649591e+01  0.000000e+00
     vertex  6.544732e+00  5.649591e+01  1.510000e+00
   endloop
 endfacet
 facet normal  1.119638e-01  9.937123e-01 -0.000000e+00
   outer loop
     vertex  7.412500e+00  5.629785e+01  0.000000e+00
     vertex  6.967458e+00  5.634799e+01  0.000000e+00
     vertex  7.412500e+00  5.629785e+01  1.510000e+00
   endloop
 endfacet
 facet normal  0.000000e+00  1.000000e+00  0.000000e+00
   outer loop
     vertex  2.251250e+01  5.629785e+01  0.000000e+00
     vertex  7.412500e+00  5.629785e+01  0.000000e+00
     vertex  7.412500e+00  5.629785e+01  1.510000e+00
   endloop
 endfacet
 facet normal  0.000000e+00  1.000000e+00 -0.000000e+00
   outer loop
     vertex  2.251250e+01  5.629785e+01  0.000000e+00
     vertex  7.412500e+00  5.629785e+01  1.510000e+00
     vertex  2.251250e+01  5.629785e+01  1.510000e+00
   endloop
 endfacet
 facet normal  1.119638e-01  9.937123e-01  0.000000e+00
   outer loop
     vertex  2.295754e+01  5.624771e+01  0.000000e+00
     vertex  2.251250e+01  5.629785e+01  0.000000e+00
     vertex  2.251250e+01  5.629785e+01  1.510000e+00
   endloop
 endfacet
 facet normal  1.119638e-01  9.937123e-01 -0.000000e+00
   outer loop
     vertex  2.295754e+01  5.624771e+01  0.000000e+00
     vertex  2.251250e+01  5.629785e+01  1.510000e+00
     vertex  2.295754e+01  5.624771e+01  1.510000e+00
   endloop
 endfacet
 facet normal  3.302787e-01  9.438835e-01 -0.000000e+00
   outer loop
     vertex  2.338027e+01  5.609979e+01  0.000000e+00
     vertex  2.295754e+01  5.624771e+01  1.510000e+00
     vertex  2.338027e+01  5.609979e+01  1.510000e+00
   endloop
 endfacet
 facet normal  3.302787e-01  9.438835e-01  0.000000e+00
   outer loop
     vertex  2.338027e+01  5.609979e+01  0.000000e+00
     vertex  2.295754e+01  5.624771e+01  0.000000e+00
     vertex  2.295754e+01  5.624771e+01  1.510000e+00
   endloop
 endfacet
 facet normal  5.320319e-01  8.467243e-01 -0.000000e+00
   outer loop
     vertex  2.375948e+01  5.586151e+01  0.000000e+00
     vertex  2.338027e+01  5.609979e+01  1.510000e+00
     vertex  2.375948e+01  5.586151e+01  1.510000e+00
   endloop
 endfacet
 facet normal  5.320319e-01  8.467243e-01  0.000000e+00
   outer loop
     vertex  2.375948e+01  5.586151e+01  0.000000e+00
     vertex  2.338027e+01  5.609979e+01  0.000000e+00
     vertex  2.338027e+01  5.609979e+01  1.510000e+00
   endloop
 endfacet
 facet normal  7.071068e-01  7.071068e-01 -0.000000e+00
   outer loop
     vertex  2.407616e+01  5.554483e+01  0.000000e+00
     vertex  2.375948e+01  5.586151e+01  1.510000e+00
     vertex  2.407616e+01  5.554483e+01  1.510000e+00
   endloop
 endfacet
 facet normal  7.071068e-01  7.071068e-01  0.000000e+00
   outer loop
     vertex  2.407616e+01  5.554483e+01  0.000000e+00
     vertex  2.375948e+01  5.586151e+01  0.000000e+00
     vertex  2.375948e+01  5.586151e+01  1.510000e+00
   endloop
 endfacet
 facet normal  8.467243e-01  5.320319e-01 -0.000000e+00
   outer loop
     vertex  2.431444e+01  5.516562e+01  0.000000e+00
     vertex  2.407616e+01  5.554483e+01  1.510000e+00
     vertex  2.431444e+01  5.516562e+01  1.510000e+00
   endloop
 endfacet
 facet normal  9.438835e-01  3.302787e-01 -0.000000e+00
   outer loop
     vertex  2.431444e+01  5.516562e+01  0.000000e+00
     vertex  2.431444e+01  5.516562e+01  1.510000e+00
     vertex  2.446236e+01  5.474289e+01  1.510000e+00
   endloop
 endfacet
 facet normal  8.467243e-01  5.320319e-01  0.000000e+00
   outer loop
     vertex  2.431444e+01  5.516562e+01  0.000000e+00
     vertex  2.407616e+01  5.554483e+01  0.000000e+00
     vertex  2.407616e+01  5.554483e+01  1.510000e+00
   endloop
 endfacet
 facet normal  9.438835e-01  3.302787e-01 -0.000000e+00
   outer loop
     vertex  2.446236e+01  5.474289e+01  0.000000e+00
     vertex  2.431444e+01  5.516562e+01  0.000000e+00
     vertex  2.446236e+01  5.474289e+01  1.510000e+00
   endloop
 endfacet
 facet normal  9.937123e-01  1.119638e-01 -0.000000e+00
   outer loop
     vertex  2.451250e+01  5.429785e+01  0.000000e+00
     vertex  2.446236e+01  5.474289e+01  1.510000e+00
     vertex  2.451250e+01  5.429785e+01  1.510000e+00
   endloop
 endfacet
 facet normal  9.937123e-01  1.119638e-01  0.000000e+00
   outer loop
     vertex  2.451250e+01  5.429785e+01  0.000000e+00
     vertex  2.446236e+01  5.474289e+01  0.000000e+00
     vertex  2.446236e+01  5.474289e+01  1.510000e+00
   endloop
 endfacet
 facet normal  1.000000e+00 -9.473903e-15  0.000000e+00
   outer loop
     vertex  2.451250e+01  5.354785e+01  0.000000e+00
     vertex  2.451250e+01  5.429785e+01  0.000000e+00
     vertex  2.451250e+01  5.429785e+01  1.510000e+00
   endloop
 endfacet
 facet normal  1.000000e+00 -9.473903e-15  0.000000e+00
   outer loop
     vertex  2.451250e+01  5.354785e+01  0.000000e+00
     vertex  2.451250e+01  5.429785e+01  1.510000e+00
     vertex  2.451250e+01  5.354785e+01  1.510000e+00
   endloop
 endfacet
 facet normal  9.937123e-01  1.119638e-01  0.000000e+00
   outer loop
     vertex  2.456264e+01  5.310281e+01  0.000000e+00
     vertex  2.451250e+01  5.354785e+01  0.000000e+00
     vertex  2.451250e+01  5.354785e+01  1.510000e+00
   endloop
 endfacet
 facet normal  9.937123e-01  1.119638e-01 -0.000000e+00
   outer loop
     vertex  2.456264e+01  5.310281e+01  0.000000e+00
     vertex  2.451250e+01  5.354785e+01  1.510000e+00
     vertex  2.456264e+01  5.310281e+01  1.510000e+00
   endloop
 endfacet
 facet normal  9.438835e-01  3.302787e-01 -0.000000e+00
   outer loop
     vertex  2.471056e+01  5.268008e+01  0.000000e+00
     vertex  2.456264e+01  5.310281e+01  1.510000e+00
     vertex  2.471056e+01  5.268008e+01  1.510000e+00
   endloop
 endfacet
 facet normal  9.438835e-01  3.302787e-01  0.000000e+00
   outer loop
     vertex  2.471056e+01  5.268008e+01  0.000000e+00
     vertex  2.456264e+01  5.310281e+01  0.000000e+00
     vertex  2.456264e+01  5.310281e+01  1.510000e+00
   endloop
 endfacet
 facet normal  8.467243e-01  5.320319e-01 -0.000000e+00
   outer loop
     vertex  2.494884e+01  5.230087e+01  0.000000e+00
     vertex  2.471056e+01  5.268008e+01  1.510000e+00
     vertex  2.494884e+01  5.230087e+01  1.510000e+00
   endloop
 endfacet
 facet normal  8.467243e-01  5.320319e-01  0.000000e+00
   outer loop
     vertex  2.494884e+01  5.230087e+01  0.000000e+00
     vertex  2.471056e+01  5.268008e+01  0.000000e+00
     vertex  2.471056e+01  5.268008e+01  1.510000e+00
   endloop
 endfacet
 facet normal  7.071068e-01  7.071068e-01 -0.000000e+00
   outer loop
     vertex  2.526552e+01  5.198419e+01  0.000000e+00
     vertex  2.494884e+01  5.230087e+01  1.510000e+00
     vertex  2.526552e+01  5.198419e+01  1.510000e+00
   endloop
 endfacet
 facet normal  5.320319e-01  8.467243e-01 -0.000000e+00
   outer loop
     vertex  2.526552e+01  5.198419e+01  0.000000e+00
     vertex  2.526552e+01  5.198419e+01  1.510000e+00
     vertex  2.564473e+01  5.174591e+01  1.510000e+00
   endloop
 endfacet
 facet normal  7.071068e-01  7.071068e-01  0.000000e+00
   outer loop
     vertex  2.526552e+01  5.198419e+01  0.000000e+00
     vertex  2.494884e+01  5.230087e+01  0.000000e+00
     vertex  2.494884e+01  5.230087e+01  1.510000e+00
   endloop
 endfacet
 facet normal  5.320319e-01  8.467243e-01 -0.000000e+00
   outer loop
     vertex  2.564473e+01  5.174591e+01  0.000000e+00
     vertex  2.526552e+01  5.198419e+01  0.000000e+00
     vertex  2.564473e+01  5.174591e+01  1.510000e+00
   endloop
 endfacet
 facet normal  3.302787e-01  9.438835e-01 -0.000000e+00
   outer loop
     vertex  2.606746e+01  5.159799e+01  0.000000e+00
     vertex  2.564473e+01  5.174591e+01  1.510000e+00
     vertex  2.606746e+01  5.159799e+01  1.510000e+00
   endloop
 endfacet
 facet normal  3.302787e-01  9.438835e-01  0.000000e+00
   outer loop
     vertex  2.606746e+01  5.159799e+01  0.000000e+00
     vertex  2.564473e+01  5.174591e+01  0.000000e+00
     vertex  2.564473e+01  5.174591e+01  1.510000e+00
   endloop
 endfacet
 facet normal  1.119638e-01  9.937123e-01 -0.000000e+00
   outer loop
     vertex  2.651250e+01  5.154785e+01  0.000000e+00
     vertex  2.606746e+01  5.159799e+01  1.510000e+00
     vertex  2.651250e+01  5.154785e+01  1.510000e+00
   endloop
 endfacet
 facet normal  1.119638e-01  9.937123e-01  0.000000e+00
   outer loop
     vertex  2.651250e+01  5.154785e+01  0.000000e+00
     vertex  2.606746e+01  5.159799e+01  0.000000e+00
     vertex  2.606746e+01  5.159799e+01  1.510000e+00
   endloop
 endfacet
 facet normal  0.000000e+00  1.000000e+00  0.000000e+00
   outer loop
     vertex  4.156250e+01  5.154785e+01  0.000000e+00
     vertex  2.651250e+01  5.154785e+01  0.000000e+00
     vertex  2.651250e+01  5.154785e+01  1.510000e+00
   endloop
 endfacet
 facet normal  0.000000e+00  1.000000e+00 -0.000000e+00
   outer loop
     vertex  4.156250e+01  5.154785e+01  0.000000e+00
     vertex  2.651250e+01  5.154785e+01  1.510000e+00
     vertex  4.156250e+01  5.154785e+01  1.510000e+00
   endloop
 endfacet
 facet normal  1.119638e-01  9.937123e-01  0.000000e+00
   outer loop
     vertex  4.200754e+01  5.149771e+01  0.000000e+00
     vertex  4.156250e+01  5.154785e+01  0.000000e+00
     vertex  4.156250e+01  5.154785e+01  1.510000e+00
   endloop
 endfacet
 facet normal  1.119638e-01  9.937123e-01 -0.000000e+00
   outer loop
     vertex  4.200754e+01  5.149771e+01  0.000000e+00
     vertex  4.156250e+01  5.154785e+01  1.510000e+00
     vertex  4.200754e+01  5.149771e+01  1.510000e+00
   endloop
 endfacet
 facet normal  3.302787e-01  9.438835e-01 -0.000000e+00
   outer loop
     vertex  4.243027e+01  5.134979e+01  0.000000e+00
     vertex  4.200754e+01  5.149771e+01  1.510000e+00
     vertex  4.243027e+01  5.134979e+01  1.510000e+00
   endloop
 endfacet
 facet normal  3.302787e-01  9.438835e-01  0.000000e+00
   outer loop
     vertex  4.243027e+01  5.134979e+01  0.000000e+00
     vertex  4.200754e+01  5.149771e+01  0.000000e+00
     vertex  4.200754e+01  5.149771e+01  1.510000e+00
   endloop
 endfacet
 facet normal  5.320319e-01  8.467243e-01 -0.000000e+00
   outer loop
     vertex  4.280948e+01  5.111151e+01  0.000000e+00
     vertex  4.243027e+01  5.134979e+01  1.510000e+00
     vertex  4.280948e+01  5.111151e+01  1.510000e+00
   endloop
 endfacet
 facet normal  5.320319e-01  8.467243e-01  0.000000e+00
   outer loop
     vertex  4.280948e+01  5.111151e+01  0.000000e+00
     vertex  4.243027e+01  5.134979e+01  0.000000e+00
     vertex  4.243027e+01  5.134979e+01  1.510000e+00
   endloop
 endfacet
 facet normal  7.071068e-01  7.071068e-01 -0.000000e+00
   outer loop
     vertex  4.312616e+01  5.079483e+01  0.000000e+00
     vertex  4.280948e+01  5.111151e+01  1.510000e+00
     vertex  4.312616e+01  5.079483e+01  1.510000e+00
   endloop
 endfacet
 facet normal  7.071068e-01  7.071068e-01  0.000000e+00
   outer loop
     vertex  4.312616e+01  5.079483e+01  0.000000e+00
     vertex  4.280948e+01  5.111151e+01  0.000000e+00
     vertex  4.280948e+01  5.111151e+01  1.510000e+00
   endloop
 endfacet
 facet normal  8.467243e-01  5.320319e-01 -0.000000e+00
   outer loop
     vertex  4.336444e+01  5.041562e+01  0.000000e+00
     vertex  4.312616e+01  5.079483e+01  1.510000e+00
     vertex  4.336444e+01  5.041562e+01  1.510000e+00
   endloop
 endfacet
 facet normal  8.467243e-01  5.320319e-01  0.000000e+00
   outer loop
     vertex  4.336444e+01  5.041562e+01  0.000000e+00
     vertex  4.312616e+01  5.079483e+01  0.000000e+00
     vertex  4.312616e+01  5.079483e+01  1.510000e+00
   endloop
 endfacet
 facet normal  9.438835e-01  3.302787e-01 -0.000000e+00
   outer loop
     vertex  4.351236e+01  4.999289e+01  0.000000e+00
     vertex  4.336444e+01  5.041562e+01  1.510000e+00
     vertex  4.351236e+01  4.999289e+01  1.510000e+00
   endloop
 endfacet
 facet normal  9.937123e-01  1.119638e-01 -0.000000e+00
   outer loop
     vertex  4.351236e+01  4.999289e+01  0.000000e+00
     vertex  4.351236e+01  4.999289e+01  1.510000e+00
     vertex  4.356250e+01  4.954785e+01  1.510000e+00
   endloop
 endfacet
 facet normal  9.438835e-01  3.302787e-01  0.000000e+00
   outer loop
     vertex  4.351236e+01  4.999289e+01  0.000000e+00
     vertex  4.336444e+01  5.041562e+01  0.000000e+00
     vertex  4.336444e+01  5.041562e+01  1.510000e+00
   endloop
 endfacet
 facet normal  9.937123e-01  1.119638e-01 -0.000000e+00
   outer loop
     vertex  4.356250e+01  4.954785e+01  0.000000e+00
     vertex  4.351236e+01  4.999289e+01  0.000000e+00
     vertex  4.356250e+01  4.954785e+01  1.510000e+00
   endloop
 endfacet
 facet normal  1.000000e+00 -0.000000e+00  0.000000e+00
   outer loop
     vertex  4.356250e+01  9.206750e+00  1.510000e+00
     vertex  4.356250e+01  4.954785e+01  0.000000e+00
     vertex  4.356250e+01  4.954785e+01  1.510000e+00
   endloop
 endfacet
 facet normal  1.000000e+00  0.000000e+00  0.000000e+00
   outer loop
     vertex  4.356250e+01  9.206750e+00  0.000000e+00
     vertex  4.356250e+01  4.954785e+01  0.000000e+00
     vertex  4.356250e+01  9.206750e+00  1.510000e+00
   endloop
 endfacet
 facet normal  9.914492e-01  1.304935e-01  0.000000e+00
   outer loop
     vertex  4.363061e+01  8.689243e+00  0.000000e+00
     vertex  4.356250e+01  9.206750e+00  0.000000e+00
     vertex  4.356250e+01  9.206750e+00  1.510000e+00
   endloop
 endfacet
 facet normal  9.914492e-01  1.304935e-01 -0.000000e+00
   outer loop
     vertex  4.363061e+01  8.689243e+00  0.000000e+00
     vertex  4.356250e+01  9.206750e+00  1.510000e+00
     vertex  4.363061e+01  8.689243e+00  1.510000e+00
   endloop
 endfacet
 facet normal  9.239181e-01  3.825902e-01 -0.000000e+00
   outer loop
     vertex  4.383031e+01  8.206984e+00  0.000000e+00
     vertex  4.363061e+01  8.689243e+00  1.510000e+00
     vertex  4.383031e+01  8.206984e+00  1.510000e+00
   endloop
 endfacet
 facet normal  9.239181e-01  3.825902e-01  0.000000e+00
   outer loop
     vertex  4.383031e+01  8.206984e+00  0.000000e+00
     vertex  4.363061e+01  8.689243e+00  0.000000e+00
     vertex  4.363061e+01  8.689243e+00  1.510000e+00
   endloop
 endfacet
 facet normal  7.934561e-01  6.086275e-01 -0.000000e+00
   outer loop
     vertex  4.414800e+01  7.792824e+00  0.000000e+00
     vertex  4.383031e+01  8.206984e+00  1.510000e+00
     vertex  4.414800e+01  7.792824e+00  1.510000e+00
   endloop
 endfacet
 facet normal  7.934561e-01  6.086275e-01  0.000000e+00
   outer loop
     vertex  4.414800e+01  7.792824e+00  0.000000e+00
     vertex  4.383031e+01  8.206984e+00  0.000000e+00
     vertex  4.383031e+01  8.206984e+00  1.510000e+00
   endloop
 endfacet
 facet normal  6.089492e-01  7.932092e-01 -0.000000e+00
   outer loop
     vertex  4.456203e+01  7.474970e+00  0.000000e+00
     vertex  4.414800e+01  7.792824e+00  1.510000e+00
     vertex  4.456203e+01  7.474970e+00  1.510000e+00
   endloop
 endfacet
 facet normal  6.089492e-01  7.932092e-01  0.000000e+00
   outer loop
     vertex  4.456203e+01  7.474970e+00  0.000000e+00
     vertex  4.414800e+01  7.792824e+00  0.000000e+00
     vertex  4.414800e+01  7.792824e+00  1.510000e+00
   endloop
 endfacet
 facet normal  3.829649e-01  9.237629e-01 -0.000000e+00
   outer loop
     vertex  4.504421e+01  7.275074e+00  0.000000e+00
     vertex  4.456203e+01  7.474970e+00  1.510000e+00
     vertex  4.504421e+01  7.275074e+00  1.510000e+00
   endloop
 endfacet
 facet normal  3.829649e-01  9.237629e-01  0.000000e+00
   outer loop
     vertex  4.504421e+01  7.275074e+00  0.000000e+00
     vertex  4.456203e+01  7.474970e+00  0.000000e+00
     vertex  4.456203e+01  7.474970e+00  1.510000e+00
   endloop
 endfacet
 facet normal  1.308956e-01  9.913962e-01 -0.000000e+00
   outer loop
     vertex  4.556169e+01  7.206750e+00  0.000000e+00
     vertex  4.504421e+01  7.275074e+00  1.510000e+00
     vertex  4.556169e+01  7.206750e+00  1.510000e+00
   endloop
 endfacet
 facet normal  1.308956e-01  9.913962e-01  0.000000e+00
   outer loop
     vertex  4.556169e+01  7.206750e+00  0.000000e+00
     vertex  4.504421e+01  7.275074e+00  0.000000e+00
     vertex  4.504421e+01  7.275074e+00  1.510000e+00
   endloop
 endfacet
 facet normal  4.056901e-04  9.999999e-01  0.000000e+00
   outer loop
     vertex  7.286331e+01  7.195674e+00  0.000000e+00
     vertex  4.556169e+01  7.206750e+00  0.000000e+00
     vertex  4.556169e+01  7.206750e+00  1.510000e+00
   endloop
 endfacet
 facet normal  4.056901e-04  9.999999e-01 -0.000000e+00
   outer loop
     vertex  7.286331e+01  7.195674e+00  0.000000e+00
     vertex  4.556169e+01  7.206750e+00  1.510000e+00
     vertex  7.286331e+01  7.195674e+00  1.510000e+00
   endloop
 endfacet
 facet normal  1.309111e-01  9.913941e-01  0.000000e+00
   outer loop
     vertex  7.338079e+01  7.127343e+00  0.000000e+00
     vertex  7.286331e+01  7.195674e+00  0.000000e+00
     vertex  7.286331e+01  7.195674e+00  1.510000e+00
   endloop
 endfacet
 facet normal  1.309111e-01  9.913941e-01 -0.000000e+00
   outer loop
     vertex  7.338079e+01  7.127343e+00  0.000000e+00
     vertex  7.286331e+01  7.195674e+00  1.510000e+00
     vertex  7.338079e+01  7.127343e+00  1.510000e+00
   endloop
 endfacet
 facet normal  3.829736e-01  9.237593e-01 -0.000000e+00
   outer loop
     vertex  7.386296e+01  6.927443e+00  0.000000e+00
     vertex  7.338079e+01  7.127343e+00  1.510000e+00
     vertex  7.386296e+01  6.927443e+00  1.510000e+00
   endloop
 endfacet
 facet normal  3.829736e-01  9.237593e-01  0.000000e+00
   outer loop
     vertex  7.386296e+01  6.927443e+00  0.000000e+00
     vertex  7.338079e+01  7.127343e+00  0.000000e+00
     vertex  7.338079e+01  7.127343e+00  1.510000e+00
   endloop
 endfacet
 facet normal  6.089517e-01  7.932073e-01 -0.000000e+00
   outer loop
     vertex  7.427699e+01  6.609589e+00  0.000000e+00
     vertex  7.386296e+01  6.927443e+00  1.510000e+00
     vertex  7.427699e+01  6.609589e+00  1.510000e+00
   endloop
 endfacet
 facet normal  6.089517e-01  7.932073e-01  0.000000e+00
   outer loop
     vertex  7.427699e+01  6.609589e+00  0.000000e+00
     vertex  7.386296e+01  6.927443e+00  0.000000e+00
     vertex  7.386296e+01  6.927443e+00  1.510000e+00
   endloop
 endfacet
 facet normal  7.934542e-01  6.086300e-01 -0.000000e+00
   outer loop
     vertex  7.459467e+01  6.195432e+00  0.000000e+00
     vertex  7.427699e+01  6.609589e+00  1.510000e+00
     vertex  7.459467e+01  6.195432e+00  1.510000e+00
   endloop
 endfacet
 facet normal  7.934542e-01  6.086300e-01  0.000000e+00
   outer loop
     vertex  7.459467e+01  6.195432e+00  0.000000e+00
     vertex  7.427699e+01  6.609589e+00  0.000000e+00
     vertex  7.427699e+01  6.609589e+00  1.510000e+00
   endloop
 endfacet
 facet normal  9.239146e-01  3.825989e-01 -0.000000e+00
   outer loop
     vertex  7.479438e+01  5.713178e+00  0.000000e+00
     vertex  7.459467e+01  6.195432e+00  1.510000e+00
     vertex  7.479438e+01  5.713178e+00  1.510000e+00
   endloop
 endfacet
 facet normal  9.239146e-01  3.825989e-01  0.000000e+00
   outer loop
     vertex  7.479438e+01  5.713178e+00  0.000000e+00
     vertex  7.459467e+01  6.195432e+00  0.000000e+00
     vertex  7.459467e+01  6.195432e+00  1.510000e+00
   endloop
 endfacet
 facet normal  9.914471e-01  1.305090e-01 -0.000000e+00
   outer loop
     vertex  7.486250e+01  5.195674e+00  0.000000e+00
     vertex  7.479438e+01  5.713178e+00  1.510000e+00
     vertex  7.486250e+01  5.195674e+00  1.510000e+00
   endloop
 endfacet
 facet normal  9.914471e-01  1.305090e-01  0.000000e+00
   outer loop
     vertex  7.486250e+01  5.195674e+00  0.000000e+00
     vertex  7.479438e+01  5.713178e+00  0.000000e+00
     vertex  7.479438e+01  5.713178e+00  1.510000e+00
   endloop
 endfacet
 facet normal  1.000000e+00  0.000000e+00  0.000000e+00
   outer loop
     vertex  7.486250e+01 -5.302147e+00  0.000000e+00
     vertex  7.486250e+01  5.195674e+00  0.000000e+00
     vertex  7.486250e+01  5.195674e+00  1.510000e+00
   endloop
 endfacet
 facet normal  1.000000e+00  0.000000e+00  0.000000e+00
   outer loop
     vertex  7.486250e+01 -5.302147e+00  0.000000e+00
     vertex  7.486250e+01  5.195674e+00  1.510000e+00
     vertex  7.486250e+01 -5.302147e+00  1.510000e+00
   endloop
 endfacet
 facet normal  9.978629e-01 -6.534192e-02  0.000000e+00
   outer loop
     vertex  7.484542e+01 -5.562962e+00  0.000000e+00
     vertex  7.486250e+01 -5.302147e+00  0.000000e+00
     vertex  7.486250e+01 -5.302147e+00  1.510000e+00
   endloop
 endfacet
 facet normal  9.978629e-01 -6.534192e-02  0.000000e+00
   outer loop
     vertex  7.484542e+01 -5.562962e+00  0.000000e+00
     vertex  7.486250e+01 -5.302147e+00  1.510000e+00
     vertex  7.484542e+01 -5.562962e+00  1.510000e+00
   endloop
 endfacet
 facet normal  9.808204e-01 -1.949138e-01  0.000000e+00
   outer loop
     vertex  7.479448e+01 -5.819323e+00  0.000000e+00
     vertex  7.484542e+01 -5.562962e+00  1.510000e+00
     vertex  7.479448e+01 -5.819323e+00  1.510000e+00
   endloop
 endfacet
 facet normal  9.808204e-01 -1.949138e-01  0.000000e+00
   outer loop
     vertex  7.479448e+01 -5.819323e+00  0.000000e+00
     vertex  7.484542e+01 -5.562962e+00  0.000000e+00
     vertex  7.484542e+01 -5.562962e+00  1.510000e+00
   endloop
 endfacet
 facet normal  9.470261e-01 -3.211567e-01  0.000000e+00
   outer loop
     vertex  7.471053e+01 -6.066851e+00  0.000000e+00
     vertex  7.479448e+01 -5.819323e+00  1.510000e+00
     vertex  7.471053e+01 -6.066851e+00  1.510000e+00
   endloop
 endfacet
 facet normal  9.470261e-01 -3.211567e-01  0.000000e+00
   outer loop
     vertex  7.471053e+01 -6.066851e+00  0.000000e+00
     vertex  7.479448e+01 -5.819323e+00  0.000000e+00
     vertex  7.479448e+01 -5.819323e+00  1.510000e+00
   endloop
 endfacet
 facet normal  9.240168e-01 -3.823518e-01  0.000000e+00
   outer loop
     vertex  5.247093e+01 -5.981256e+01  0.000000e+00
     vertex  7.471053e+01 -6.066851e+00  0.000000e+00
     vertex  7.471053e+01 -6.066851e+00  1.510000e+00
   endloop
 endfacet
 facet normal  9.240168e-01 -3.823518e-01  0.000000e+00
   outer loop
     vertex  5.247093e+01 -5.981256e+01  0.000000e+00
     vertex  7.471053e+01 -6.066851e+00  1.510000e+00
     vertex  5.247093e+01 -5.981256e+01  1.510000e+00
   endloop
 endfacet
 facet normal  8.753914e-01 -4.834149e-01  0.000000e+00
   outer loop
     vertex  5.225441e+01 -6.020465e+01  0.000000e+00
     vertex  5.247093e+01 -5.981256e+01  0.000000e+00
     vertex  5.247093e+01 -5.981256e+01  1.510000e+00
   endloop
 endfacet
 facet normal  8.753914e-01 -4.834149e-01  0.000000e+00
   outer loop
     vertex  5.225441e+01 -6.020465e+01  0.000000e+00
     vertex  5.247093e+01 -5.981256e+01  1.510000e+00
     vertex  5.225441e+01 -6.020465e+01  1.510000e+00
   endloop
 endfacet
 facet normal  7.458585e-01 -6.661044e-01  0.000000e+00
   outer loop
     vertex  5.195606e+01 -6.053872e+01  0.000000e+00
     vertex  5.225441e+01 -6.020465e+01  1.510000e+00
     vertex  5.195606e+01 -6.053872e+01  1.510000e+00
   endloop
 endfacet
 facet normal  7.458585e-01 -6.661044e-01  0.000000e+00
   outer loop
     vertex  5.195606e+01 -6.053872e+01  0.000000e+00
     vertex  5.225441e+01 -6.020465e+01  0.000000e+00
     vertex  5.225441e+01 -6.020465e+01  1.510000e+00
   endloop
 endfacet
 facet normal  5.789178e-01 -8.153859e-01  0.000000e+00
   outer loop
     vertex  5.159085e+01 -6.079802e+01  0.000000e+00
     vertex  5.195606e+01 -6.053872e+01  1.510000e+00
     vertex  5.159085e+01 -6.079802e+01  1.510000e+00
   endloop
 endfacet
 facet normal  5.789178e-01 -8.153859e-01  0.000000e+00
   outer loop
     vertex  5.159085e+01 -6.079802e+01  0.000000e+00
     vertex  5.195606e+01 -6.053872e+01  0.000000e+00
     vertex  5.195606e+01 -6.053872e+01  1.510000e+00
   endloop
 endfacet
 facet normal  3.829419e-01 -9.237724e-01  0.000000e+00
   outer loop
     vertex  5.117709e+01 -6.096954e+01  0.000000e+00
     vertex  5.159085e+01 -6.079802e+01  1.510000e+00
     vertex  5.117709e+01 -6.096954e+01  1.510000e+00
   endloop
 endfacet
 facet normal  3.829419e-01 -9.237724e-01  0.000000e+00
   outer loop
     vertex  5.117709e+01 -6.096954e+01  0.000000e+00
     vertex  5.159085e+01 -6.079802e+01  0.000000e+00
     vertex  5.159085e+01 -6.079802e+01  1.510000e+00
   endloop
 endfacet
 facet normal  1.677598e-01 -9.858279e-01  0.000000e+00
   outer loop
     vertex  5.073553e+01 -6.104468e+01  0.000000e+00
     vertex  5.117709e+01 -6.096954e+01  1.510000e+00
     vertex  5.073553e+01 -6.104468e+01  1.510000e+00
   endloop
 endfacet
 facet normal  1.677598e-01 -9.858279e-01  0.000000e+00
   outer loop
     vertex  5.073553e+01 -6.104468e+01  0.000000e+00
     vertex  5.117709e+01 -6.096954e+01  0.000000e+00
     vertex  5.117709e+01 -6.096954e+01  1.510000e+00
   endloop
 endfacet
 facet normal -5.583608e-02 -9.984399e-01  0.000000e+00
   outer loop
     vertex  5.028833e+01 -6.101967e+01  0.000000e+00
     vertex  5.073553e+01 -6.104468e+01  1.510000e+00
     vertex  5.028833e+01 -6.101967e+01  1.510000e+00
   endloop
 endfacet
 facet normal -5.583608e-02 -9.984399e-01  0.000000e+00
   outer loop
     vertex  5.028833e+01 -6.101967e+01  0.000000e+00
     vertex  5.073553e+01 -6.104468e+01  0.000000e+00
     vertex  5.073553e+01 -6.104468e+01  1.510000e+00
   endloop
 endfacet
 facet normal -2.766316e-01 -9.609761e-01  0.000000e+00
   outer loop
     vertex  4.985790e+01 -6.089576e+01  0.000000e+00
     vertex  5.028833e+01 -6.101967e+01  1.510000e+00
     vertex  4.985790e+01 -6.089576e+01  1.510000e+00
   endloop
 endfacet
 facet normal -2.766316e-01 -9.609761e-01  0.000000e+00
   outer loop
     vertex  4.985790e+01 -6.089576e+01  0.000000e+00
     vertex  5.028833e+01 -6.101967e+01  0.000000e+00
     vertex  5.028833e+01 -6.101967e+01  1.510000e+00
   endloop
 endfacet
 facet normal -3.824980e-01 -9.239563e-01  0.000000e+00
   outer loop
     vertex  3.019136e+01 -5.275424e+01  0.000000e+00
     vertex  4.985790e+01 -6.089576e+01  0.000000e+00
     vertex  4.985790e+01 -6.089576e+01  1.510000e+00
   endloop
 endfacet
 facet normal -3.824980e-01 -9.239563e-01  0.000000e+00
   outer loop
     vertex  3.019136e+01 -5.275424e+01  0.000000e+00
     vertex  4.985790e+01 -6.089576e+01  1.510000e+00
     vertex  3.019136e+01 -5.275424e+01  1.510000e+00
   endloop
 endfacet
 facet normal -3.212547e-01 -9.469928e-01  0.000000e+00
   outer loop
     vertex  2.994374e+01 -5.267023e+01  0.000000e+00
     vertex  3.019136e+01 -5.275424e+01  0.000000e+00
     vertex  3.019136e+01 -5.275424e+01  1.510000e+00
   endloop
 endfacet
 facet normal -3.212547e-01 -9.469928e-01  0.000000e+00
   outer loop
     vertex  2.994374e+01 -5.267023e+01  0.000000e+00
     vertex  3.019136e+01 -5.275424e+01  1.510000e+00
     vertex  2.994374e+01 -5.267023e+01  1.510000e+00
   endloop
 endfacet
 facet normal -1.949915e-01 -9.808049e-01  0.000000e+00
   outer loop
     vertex  2.968728e+01 -5.261925e+01  0.000000e+00
     vertex  2.994374e+01 -5.267023e+01  1.510000e+00
     vertex  2.968728e+01 -5.261925e+01  1.510000e+00
   endloop
 endfacet
 facet normal -1.949915e-01 -9.808049e-01  0.000000e+00
   outer loop
     vertex  2.968728e+01 -5.261925e+01  0.000000e+00
     vertex  2.994374e+01 -5.267023e+01  0.000000e+00
     vertex  2.994374e+01 -5.267023e+01  1.510000e+00
   endloop
 endfacet
 facet normal -6.539661e-02 -9.978594e-01  0.000000e+00
   outer loop
     vertex  2.942636e+01 -5.260215e+01  0.000000e+00
     vertex  2.968728e+01 -5.261925e+01  1.510000e+00
     vertex  2.942636e+01 -5.260215e+01  1.510000e+00
   endloop
 endfacet
 facet normal -6.539661e-02 -9.978594e-01  0.000000e+00
   outer loop
     vertex  2.942636e+01 -5.260215e+01  0.000000e+00
     vertex  2.968728e+01 -5.261925e+01  0.000000e+00
     vertex  2.968728e+01 -5.261925e+01  1.510000e+00
   endloop
 endfacet
 facet normal  0.000000e+00 -1.000000e+00  0.000000e+00
   outer loop
     vertex  1.281250e+01 -5.260215e+01  0.000000e+00
     vertex  2.942636e+01 -5.260215e+01  0.000000e+00
     vertex  2.942636e+01 -5.260215e+01  1.510000e+00
   endloop
 endfacet
 facet normal  0.000000e+00 -1.000000e+00  0.000000e+00
   outer loop
     vertex  1.281250e+01 -5.260215e+01  0.000000e+00
     vertex  2.942636e+01 -5.260215e+01  1.510000e+00
     vertex  1.281250e+01 -5.260215e+01  1.510000e+00
   endloop
 endfacet
 facet normal -1.119638e-01 -9.937123e-01  0.000000e+00
   outer loop
     vertex  1.236746e+01 -5.255201e+01  0.000000e+00
     vertex  1.281250e+01 -5.260215e+01  0.000000e+00
     vertex  1.281250e+01 -5.260215e+01  1.510000e+00
   endloop
 endfacet
 facet normal -1.119638e-01 -9.937123e-01  0.000000e+00
   outer loop
     vertex  1.236746e+01 -5.255201e+01  0.000000e+00
     vertex  1.281250e+01 -5.260215e+01  1.510000e+00
     vertex  1.236746e+01 -5.255201e+01  1.510000e+00
   endloop
 endfacet
 facet normal -3.302787e-01 -9.438835e-01  0.000000e+00
   outer loop
     vertex  1.194473e+01 -5.240409e+01  0.000000e+00
     vertex  1.236746e+01 -5.255201e+01  1.510000e+00
     vertex  1.194473e+01 -5.240409e+01  1.510000e+00
   endloop
 endfacet
 facet normal -3.302787e-01 -9.438835e-01  0.000000e+00
   outer loop
     vertex  1.194473e+01 -5.240409e+01  0.000000e+00
     vertex  1.236746e+01 -5.255201e+01  0.000000e+00
     vertex  1.236746e+01 -5.255201e+01  1.510000e+00
   endloop
 endfacet
 facet normal -5.320319e-01 -8.467243e-01  0.000000e+00
   outer loop
     vertex  1.156552e+01 -5.216581e+01  0.000000e+00
     vertex  1.194473e+01 -5.240409e+01  1.510000e+00
     vertex  1.156552e+01 -5.216581e+01  1.510000e+00
   endloop
 endfacet
 facet normal -5.320319e-01 -8.467243e-01  0.000000e+00
   outer loop
     vertex  1.156552e+01 -5.216581e+01  0.000000e+00
     vertex  1.194473e+01 -5.240409e+01  0.000000e+00
     vertex  1.194473e+01 -5.240409e+01  1.510000e+00
   endloop
 endfacet
 facet normal -7.071068e-01 -7.071068e-01  0.000000e+00
   outer loop
     vertex  1.124884e+01 -5.184913e+01  0.000000e+00
     vertex  1.156552e+01 -5.216581e+01  1.510000e+00
     vertex  1.124884e+01 -5.184913e+01  1.510000e+00
   endloop
 endfacet
 facet normal -7.071068e-01 -7.071068e-01  0.000000e+00
   outer loop
     vertex  1.124884e+01 -5.184913e+01  0.000000e+00
     vertex  1.156552e+01 -5.216581e+01  0.000000e+00
     vertex  1.156552e+01 -5.216581e+01  1.510000e+00
   endloop
 endfacet
 facet normal -8.467243e-01 -5.320319e-01  0.000000e+00
   outer loop
     vertex  1.101056e+01 -5.146992e+01  0.000000e+00
     vertex  1.124884e+01 -5.184913e+01  1.510000e+00
     vertex  1.101056e+01 -5.146992e+01  1.510000e+00
   endloop
 endfacet
 facet normal -8.467243e-01 -5.320319e-01  0.000000e+00
   outer loop
     vertex  1.101056e+01 -5.146992e+01  0.000000e+00
     vertex  1.124884e+01 -5.184913e+01  0.000000e+00
     vertex  1.124884e+01 -5.184913e+01  1.510000e+00
   endloop
 endfacet
 facet normal -9.438835e-01 -3.302787e-01  0.000000e+00
   outer loop
     vertex  1.086264e+01 -5.104719e+01  0.000000e+00
     vertex  1.101056e+01 -5.146992e+01  1.510000e+00
     vertex  1.086264e+01 -5.104719e+01  1.510000e+00
   endloop
 endfacet
 facet normal -9.937123e-01 -1.119638e-01  0.000000e+00
   outer loop
     vertex  1.086264e+01 -5.104719e+01  0.000000e+00
     vertex  1.086264e+01 -5.104719e+01  1.510000e+00
     vertex  1.081250e+01 -5.060215e+01  1.510000e+00
   endloop
 endfacet
 facet normal -9.438835e-01 -3.302787e-01  0.000000e+00
   outer loop
     vertex  1.086264e+01 -5.104719e+01  0.000000e+00
     vertex  1.101056e+01 -5.146992e+01  0.000000e+00
     vertex  1.101056e+01 -5.146992e+01  1.510000e+00
   endloop
 endfacet
 facet normal -9.937123e-01 -1.119638e-01  0.000000e+00
   outer loop
     vertex  1.081250e+01 -5.060215e+01  0.000000e+00
     vertex  1.086264e+01 -5.104719e+01  0.000000e+00
     vertex  1.081250e+01 -5.060215e+01  1.510000e+00
   endloop
 endfacet
 facet normal -1.000000e+00  0.000000e+00  0.000000e+00
   outer loop
     vertex  1.081250e+01 -4.985215e+01  0.000000e+00
     vertex  1.081250e+01 -5.060215e+01  0.000000e+00
     vertex  1.081250e+01 -5.060215e+01  1.510000e+00
   endloop
 endfacet
 facet normal -1.000000e+00  0.000000e+00  0.000000e+00
   outer loop
     vertex  1.081250e+01 -4.985215e+01  0.000000e+00
     vertex  1.081250e+01 -5.060215e+01  1.510000e+00
     vertex  1.081250e+01 -4.985215e+01  1.510000e+00
   endloop
 endfacet
 facet normal -9.937123e-01 -1.119638e-01  0.000000e+00
   outer loop
     vertex  1.076236e+01 -4.940711e+01  0.000000e+00
     vertex  1.081250e+01 -4.985215e+01  0.000000e+00
     vertex  1.081250e+01 -4.985215e+01  1.510000e+00
   endloop
 endfacet
 facet normal -9.937123e-01 -1.119638e-01  0.000000e+00
   outer loop
     vertex  1.076236e+01 -4.940711e+01  0.000000e+00
     vertex  1.081250e+01 -4.985215e+01  1.510000e+00
     vertex  1.076236e+01 -4.940711e+01  1.510000e+00
   endloop
 endfacet
 facet normal -9.438835e-01 -3.302787e-01  0.000000e+00
   outer loop
     vertex  1.061444e+01 -4.898438e+01  0.000000e+00
     vertex  1.076236e+01 -4.940711e+01  1.510000e+00
     vertex  1.061444e+01 -4.898438e+01  1.510000e+00
   endloop
 endfacet
 facet normal -9.438835e-01 -3.302787e-01  0.000000e+00
   outer loop
     vertex  1.061444e+01 -4.898438e+01  0.000000e+00
     vertex  1.076236e+01 -4.940711e+01  0.000000e+00
     vertex  1.076236e+01 -4.940711e+01  1.510000e+00
   endloop
 endfacet
 facet normal -8.467243e-01 -5.320319e-01  0.000000e+00
   outer loop
     vertex  1.037616e+01 -4.860517e+01  0.000000e+00
     vertex  1.061444e+01 -4.898438e+01  1.510000e+00
     vertex  1.037616e+01 -4.860517e+01  1.510000e+00
   endloop
 endfacet
 facet normal -8.467243e-01 -5.320319e-01  0.000000e+00
   outer loop
     vertex  1.037616e+01 -4.860517e+01  0.000000e+00
     vertex  1.061444e+01 -4.898438e+01  0.000000e+00
     vertex  1.061444e+01 -4.898438e+01  1.510000e+00
   endloop
 endfacet
 facet normal -7.071068e-01 -7.071068e-01  0.000000e+00
   outer loop
     vertex  1.005948e+01 -4.828849e+01  0.000000e+00
     vertex  1.037616e+01 -4.860517e+01  1.510000e+00
     vertex  1.005948e+01 -4.828849e+01  1.510000e+00
   endloop
 endfacet
 facet normal -5.320319e-01 -8.467243e-01  0.000000e+00
   outer loop
     vertex  1.005948e+01 -4.828849e+01  0.000000e+00
     vertex  1.005948e+01 -4.828849e+01  1.510000e+00
     vertex  9.680268e+00 -4.805021e+01  1.510000e+00
   endloop
 endfacet
 facet normal -7.071068e-01 -7.071068e-01  0.000000e+00
   outer loop
     vertex  1.005948e+01 -4.828849e+01  0.000000e+00
     vertex  1.037616e+01 -4.860517e+01  0.000000e+00
     vertex  1.037616e+01 -4.860517e+01  1.510000e+00
   endloop
 endfacet
 facet normal -5.320319e-01 -8.467243e-01  0.000000e+00
   outer loop
     vertex  9.680268e+00 -4.805021e+01  0.000000e+00
     vertex  1.005948e+01 -4.828849e+01  0.000000e+00
     vertex  9.680268e+00 -4.805021e+01  1.510000e+00
   endloop
 endfacet
 facet normal -3.302787e-01 -9.438835e-01  0.000000e+00
   outer loop
     vertex  9.257542e+00 -4.790229e+01  0.000000e+00
     vertex  9.680268e+00 -4.805021e+01  1.510000e+00
     vertex  9.257542e+00 -4.790229e+01  1.510000e+00
   endloop
 endfacet
 facet normal -3.302787e-01 -9.438835e-01  0.000000e+00
   outer loop
     vertex  9.257542e+00 -4.790229e+01  0.000000e+00
     vertex  9.680268e+00 -4.805021e+01  0.000000e+00
     vertex  9.680268e+00 -4.805021e+01  1.510000e+00
   endloop
 endfacet
 facet normal -1.119638e-01 -9.937123e-01  0.000000e+00
   outer loop
     vertex  8.812500e+00 -4.785215e+01  0.000000e+00
     vertex  9.257542e+00 -4.790229e+01  1.510000e+00
     vertex  8.812500e+00 -4.785215e+01  1.510000e+00
   endloop
 endfacet
 facet normal -1.119638e-01 -9.937123e-01  0.000000e+00
   outer loop
     vertex  8.812500e+00 -4.785215e+01  0.000000e+00
     vertex  9.257542e+00 -4.790229e+01  0.000000e+00
     vertex  9.257542e+00 -4.790229e+01  1.510000e+00
   endloop
 endfacet
 facet normal  0.000000e+00 -1.000000e+00  0.000000e+00
   outer loop
     vertex -6.187500e+00 -4.785215e+01  0.000000e+00
     vertex  8.812500e+00 -4.785215e+01  0.000000e+00
     vertex  8.812500e+00 -4.785215e+01  1.510000e+00
   endloop
 endfacet
 facet normal  0.000000e+00 -1.000000e+00  0.000000e+00
   outer loop
     vertex -6.187500e+00 -4.785215e+01  0.000000e+00
     vertex  8.812500e+00 -4.785215e+01  1.510000e+00
     vertex -6.187500e+00 -4.785215e+01  1.510000e+00
   endloop
 endfacet
 facet normal -1.119638e-01 -9.937123e-01  0.000000e+00
   outer loop
     vertex -6.632542e+00 -4.780201e+01  0.000000e+00
     vertex -6.187500e+00 -4.785215e+01  0.000000e+00
     vertex -6.187500e+00 -4.785215e+01  1.510000e+00
   endloop
 endfacet
 facet normal -1.119638e-01 -9.937123e-01  0.000000e+00
   outer loop
     vertex -6.632542e+00 -4.780201e+01  0.000000e+00
     vertex -6.187500e+00 -4.785215e+01  1.510000e+00
     vertex -6.632542e+00 -4.780201e+01  1.510000e+00
   endloop
 endfacet
 facet normal -3.302787e-01 -9.438835e-01  0.000000e+00
   outer loop
     vertex -7.055268e+00 -4.765409e+01  0.000000e+00
     vertex -6.632542e+00 -4.780201e+01  1.510000e+00
     vertex -7.055268e+00 -4.765409e+01  1.510000e+00
   endloop
 endfacet
 facet normal -3.302787e-01 -9.438835e-01  0.000000e+00
   outer loop
     vertex -7.055268e+00 -4.765409e+01  0.000000e+00
     vertex -6.632542e+00 -4.780201e+01  0.000000e+00
     vertex -6.632542e+00 -4.780201e+01  1.510000e+00
   endloop
 endfacet
 facet normal -5.320319e-01 -8.467243e-01  0.000000e+00
   outer loop
     vertex -7.434480e+00 -4.741581e+01  0.000000e+00
     vertex -7.055268e+00 -4.765409e+01  1.510000e+00
     vertex -7.434480e+00 -4.741581e+01  1.510000e+00
   endloop
 endfacet
 facet normal -5.320319e-01 -8.467243e-01  0.000000e+00
   outer loop
     vertex -7.434480e+00 -4.741581e+01  0.000000e+00
     vertex -7.055268e+00 -4.765409e+01  0.000000e+00
     vertex -7.055268e+00 -4.765409e+01  1.510000e+00
   endloop
 endfacet
 facet normal -7.071068e-01 -7.071068e-01  0.000000e+00
   outer loop
     vertex -7.751163e+00 -4.709913e+01  0.000000e+00
     vertex -7.434480e+00 -4.741581e+01  1.510000e+00
     vertex -7.751163e+00 -4.709913e+01  1.510000e+00
   endloop
 endfacet
 facet normal -8.467243e-01 -5.320319e-01  0.000000e+00
   outer loop
     vertex -7.751163e+00 -4.709913e+01  0.000000e+00
     vertex -7.751163e+00 -4.709913e+01  1.510000e+00
     vertex -7.989438e+00 -4.671992e+01  1.510000e+00
   endloop
 endfacet
 facet normal -7.071068e-01 -7.071068e-01  0.000000e+00
   outer loop
     vertex -7.751163e+00 -4.709913e+01  0.000000e+00
     vertex -7.434480e+00 -4.741581e+01  0.000000e+00
     vertex -7.434480e+00 -4.741581e+01  1.510000e+00
   endloop
 endfacet
 facet normal -8.467243e-01 -5.320319e-01  0.000000e+00
   outer loop
     vertex -7.989438e+00 -4.671992e+01  0.000000e+00
     vertex -7.751163e+00 -4.709913e+01  0.000000e+00
     vertex -7.989438e+00 -4.671992e+01  1.510000e+00
   endloop
 endfacet
 facet normal -9.438835e-01 -3.302787e-01  0.000000e+00
   outer loop
     vertex -8.137356e+00 -4.629719e+01  0.000000e+00
     vertex -7.989438e+00 -4.671992e+01  1.510000e+00
     vertex -8.137356e+00 -4.629719e+01  1.510000e+00
   endloop
 endfacet
 facet normal -9.438835e-01 -3.302787e-01  0.000000e+00
   outer loop
     vertex -8.137356e+00 -4.629719e+01  0.000000e+00
     vertex -7.989438e+00 -4.671992e+01  0.000000e+00
     vertex -7.989438e+00 -4.671992e+01  1.510000e+00
   endloop
 endfacet
 facet normal -9.937123e-01 -1.119638e-01  0.000000e+00
   outer loop
     vertex -8.187500e+00 -4.585215e+01  0.000000e+00
     vertex -8.137356e+00 -4.629719e+01  1.510000e+00
     vertex -8.187500e+00 -4.585215e+01  1.510000e+00
   endloop
 endfacet
 facet normal -9.937123e-01 -1.119638e-01  0.000000e+00
   outer loop
     vertex -8.187500e+00 -4.585215e+01  0.000000e+00
     vertex -8.137356e+00 -4.629719e+01  0.000000e+00
     vertex -8.137356e+00 -4.629719e+01  1.510000e+00
   endloop
 endfacet
 facet normal -1.000000e+00 -0.000000e+00  0.000000e+00
   outer loop
     vertex -8.187500e+00 -2.605215e+01  1.510000e+00
     vertex -8.187500e+00 -4.585215e+01  0.000000e+00
     vertex -8.187500e+00 -4.585215e+01  1.510000e+00
   endloop
 endfacet
 facet normal -1.000000e+00  0.000000e+00  0.000000e+00
   outer loop
     vertex -8.187500e+00 -2.605215e+01  0.000000e+00
     vertex -8.187500e+00 -4.585215e+01  0.000000e+00
     vertex -8.187500e+00 -2.605215e+01  1.510000e+00
   endloop
 endfacet
 facet normal -9.937123e-01 -1.119638e-01  0.000000e+00
   outer loop
     vertex -8.237644e+00 -2.560711e+01  0.000000e+00
     vertex -8.187500e+00 -2.605215e+01  0.000000e+00
     vertex -8.187500e+00 -2.605215e+01  1.510000e+00
   endloop
 endfacet
 facet normal -9.937123e-01 -1.119638e-01  0.000000e+00
   outer loop
     vertex -8.237644e+00 -2.560711e+01  0.000000e+00
     vertex -8.187500e+00 -2.605215e+01  1.510000e+00
     vertex -8.237644e+00 -2.560711e+01  1.510000e+00
   endloop
 endfacet
 facet normal -9.438835e-01 -3.302787e-01  0.000000e+00
   outer loop
     vertex -8.385562e+00 -2.518438e+01  0.000000e+00
     vertex -8.237644e+00 -2.560711e+01  1.510000e+00
     vertex -8.385562e+00 -2.518438e+01  1.510000e+00
   endloop
 endfacet
 facet normal -9.438835e-01 -3.302787e-01  0.000000e+00
   outer loop
     vertex -8.385562e+00 -2.518438e+01  0.000000e+00
     vertex -8.237644e+00 -2.560711e+01  0.000000e+00
     vertex -8.237644e+00 -2.560711e+01  1.510000e+00
   endloop
 endfacet
 facet normal -8.467243e-01 -5.320319e-01  0.000000e+00
   outer loop
     vertex -8.623837e+00 -2.480517e+01  0.000000e+00
     vertex -8.385562e+00 -2.518438e+01  1.510000e+00
     vertex -8.623837e+00 -2.480517e+01  1.510000e+00
   endloop
 endfacet
 facet normal -8.467243e-01 -5.320319e-01  0.000000e+00
   outer loop
     vertex -8.623837e+00 -2.480517e+01  0.000000e+00
     vertex -8.385562e+00 -2.518438e+01  0.000000e+00
     vertex -8.385562e+00 -2.518438e+01  1.510000e+00
   endloop
 endfacet
 facet normal -7.071068e-01 -7.071068e-01  0.000000e+00
   outer loop
     vertex -8.940520e+00 -2.448849e+01  0.000000e+00
     vertex -8.623837e+00 -2.480517e+01  1.510000e+00
     vertex -8.940520e+00 -2.448849e+01  1.510000e+00
   endloop
 endfacet
 facet normal -7.071068e-01 -7.071068e-01  0.000000e+00
   outer loop
     vertex -8.940520e+00 -2.448849e+01  0.000000e+00
     vertex -8.623837e+00 -2.480517e+01  0.000000e+00
     vertex -8.623837e+00 -2.480517e+01  1.510000e+00
   endloop
 endfacet
 facet normal -5.320319e-01 -8.467243e-01  0.000000e+00
   outer loop
     vertex -9.319732e+00 -2.425021e+01  0.000000e+00
     vertex -8.940520e+00 -2.448849e+01  1.510000e+00
     vertex -9.319732e+00 -2.425021e+01  1.510000e+00
   endloop
 endfacet
 facet normal -5.320319e-01 -8.467243e-01  0.000000e+00
   outer loop
     vertex -9.319732e+00 -2.425021e+01  0.000000e+00
     vertex -8.940520e+00 -2.448849e+01  0.000000e+00
     vertex -8.940520e+00 -2.448849e+01  1.510000e+00
   endloop
 endfacet
 facet normal -3.302787e-01 -9.438835e-01  0.000000e+00
   outer loop
     vertex -9.742458e+00 -2.410229e+01  0.000000e+00
     vertex -9.319732e+00 -2.425021e+01  1.510000e+00
     vertex -9.742458e+00 -2.410229e+01  1.510000e+00
   endloop
 endfacet
 facet normal -1.119638e-01 -9.937123e-01  0.000000e+00
   outer loop
     vertex -9.742458e+00 -2.410229e+01  0.000000e+00
     vertex -9.742458e+00 -2.410229e+01  1.510000e+00
     vertex -1.018750e+01 -2.405215e+01  1.510000e+00
   endloop
 endfacet
 facet normal -3.302787e-01 -9.438835e-01  0.000000e+00
   outer loop
     vertex -9.742458e+00 -2.410229e+01  0.000000e+00
     vertex -9.319732e+00 -2.425021e+01  0.000000e+00
     vertex -9.319732e+00 -2.425021e+01  1.510000e+00
   endloop
 endfacet
 facet normal -1.119638e-01 -9.937123e-01  0.000000e+00
   outer loop
     vertex -1.018750e+01 -2.405215e+01  0.000000e+00
     vertex -9.742458e+00 -2.410229e+01  0.000000e+00
     vertex -1.018750e+01 -2.405215e+01  1.510000e+00
   endloop
 endfacet
 facet normal  0.000000e+00 -1.000000e+00  0.000000e+00
   outer loop
     vertex -3.068750e+01 -2.405215e+01  0.000000e+00
     vertex -1.018750e+01 -2.405215e+01  0.000000e+00
     vertex -1.018750e+01 -2.405215e+01  1.510000e+00
   endloop
 endfacet
 facet normal  0.000000e+00 -1.000000e+00  0.000000e+00
   outer loop
     vertex -3.068750e+01 -2.405215e+01  0.000000e+00
     vertex -1.018750e+01 -2.405215e+01  1.510000e+00
     vertex -3.068750e+01 -2.405215e+01  1.510000e+00
   endloop
 endfacet
 facet normal  1.119638e-01 -9.937123e-01  0.000000e+00
   outer loop
     vertex -3.113254e+01 -2.410229e+01  0.000000e+00
     vertex -3.068750e+01 -2.405215e+01  0.000000e+00
     vertex -3.068750e+01 -2.405215e+01  1.510000e+00
   endloop
 endfacet
 facet normal  1.119638e-01 -9.937123e-01  0.000000e+00
   outer loop
     vertex -3.113254e+01 -2.410229e+01  0.000000e+00
     vertex -3.068750e+01 -2.405215e+01  1.510000e+00
     vertex -3.113254e+01 -2.410229e+01  1.510000e+00
   endloop
 endfacet
 facet normal  3.302787e-01 -9.438835e-01  0.000000e+00
   outer loop
     vertex -3.155527e+01 -2.425021e+01  0.000000e+00
     vertex -3.113254e+01 -2.410229e+01  1.510000e+00
     vertex -3.155527e+01 -2.425021e+01  1.510000e+00
   endloop
 endfacet
 facet normal  3.302787e-01 -9.438835e-01  0.000000e+00
   outer loop
     vertex -3.155527e+01 -2.425021e+01  0.000000e+00
     vertex -3.113254e+01 -2.410229e+01  0.000000e+00
     vertex -3.113254e+01 -2.410229e+01  1.510000e+00
   endloop
 endfacet
 facet normal  5.320319e-01 -8.467243e-01  0.000000e+00
   outer loop
     vertex -3.193448e+01 -2.448849e+01  0.000000e+00
     vertex -3.155527e+01 -2.425021e+01  1.510000e+00
     vertex -3.193448e+01 -2.448849e+01  1.510000e+00
   endloop
 endfacet
 facet normal  5.320319e-01 -8.467243e-01  0.000000e+00
   outer loop
     vertex -3.193448e+01 -2.448849e+01  0.000000e+00
     vertex -3.155527e+01 -2.425021e+01  0.000000e+00
     vertex -3.155527e+01 -2.425021e+01  1.510000e+00
   endloop
 endfacet
 facet normal  7.071068e-01 -7.071068e-01  0.000000e+00
   outer loop
     vertex -3.225116e+01 -2.480517e+01  0.000000e+00
     vertex -3.193448e+01 -2.448849e+01  1.510000e+00
     vertex -3.225116e+01 -2.480517e+01  1.510000e+00
   endloop
 endfacet
 facet normal  7.071068e-01 -7.071068e-01  0.000000e+00
   outer loop
     vertex -3.225116e+01 -2.480517e+01  0.000000e+00
     vertex -3.193448e+01 -2.448849e+01  0.000000e+00
     vertex -3.193448e+01 -2.448849e+01  1.510000e+00
   endloop
 endfacet
 facet normal  8.467243e-01 -5.320319e-01  0.000000e+00
   outer loop
     vertex -3.248944e+01 -2.518438e+01  0.000000e+00
     vertex -3.225116e+01 -2.480517e+01  1.510000e+00
     vertex -3.248944e+01 -2.518438e+01  1.510000e+00
   endloop
 endfacet
 facet normal  8.467243e-01 -5.320319e-01  0.000000e+00
   outer loop
     vertex -3.248944e+01 -2.518438e+01  0.000000e+00
     vertex -3.225116e+01 -2.480517e+01  0.000000e+00
     vertex -3.225116e+01 -2.480517e+01  1.510000e+00
   endloop
 endfacet
 facet normal  9.438835e-01 -3.302787e-01  0.000000e+00
   outer loop
     vertex -3.263736e+01 -2.560711e+01  0.000000e+00
     vertex -3.248944e+01 -2.518438e+01  1.510000e+00
     vertex -3.263736e+01 -2.560711e+01  1.510000e+00
   endloop
 endfacet
 facet normal  9.438835e-01 -3.302787e-01  0.000000e+00
   outer loop
     vertex -3.263736e+01 -2.560711e+01  0.000000e+00
     vertex -3.248944e+01 -2.518438e+01  0.000000e+00
     vertex -3.248944e+01 -2.518438e+01  1.510000e+00
   endloop
 endfacet
 facet normal  9.937123e-01 -1.119638e-01  0.000000e+00
   outer loop
     vertex -3.268750e+01 -2.605215e+01  0.000000e+00
     vertex -3.263736e+01 -2.560711e+01  1.510000e+00
     vertex -3.268750e+01 -2.605215e+01  1.510000e+00
   endloop
 endfacet
 facet normal  9.937123e-01 -1.119638e-01  0.000000e+00
   outer loop
     vertex -3.268750e+01 -2.605215e+01  0.000000e+00
     vertex -3.263736e+01 -2.560711e+01  0.000000e+00
     vertex -3.263736e+01 -2.560711e+01  1.510000e+00
   endloop
 endfacet
 facet normal  1.000000e+00  0.000000e+00  0.000000e+00
   outer loop
     vertex -3.268750e+01 -2.680215e+01  0.000000e+00
     vertex -3.268750e+01 -2.605215e+01  0.000000e+00
     vertex -3.268750e+01 -2.605215e+01  1.510000e+00
   endloop
 endfacet
 facet normal  1.000000e+00  0.000000e+00  0.000000e+00
   outer loop
     vertex -3.268750e+01 -2.680215e+01  0.000000e+00
     vertex -3.268750e+01 -2.605215e+01  1.510000e+00
     vertex -3.268750e+01 -2.680215e+01  1.510000e+00
   endloop
 endfacet
 facet normal  9.937123e-01 -1.119638e-01  0.000000e+00
   outer loop
     vertex -3.273764e+01 -2.724719e+01  0.000000e+00
     vertex -3.268750e+01 -2.680215e+01  0.000000e+00
     vertex -3.268750e+01 -2.680215e+01  1.510000e+00
   endloop
 endfacet
 facet normal  9.937123e-01 -1.119638e-01  0.000000e+00
   outer loop
     vertex -3.273764e+01 -2.724719e+01  0.000000e+00
     vertex -3.268750e+01 -2.680215e+01  1.510000e+00
     vertex -3.273764e+01 -2.724719e+01  1.510000e+00
   endloop
 endfacet
 facet normal  9.438835e-01 -3.302787e-01  0.000000e+00
   outer loop
     vertex -3.288556e+01 -2.766992e+01  0.000000e+00
     vertex -3.273764e+01 -2.724719e+01  1.510000e+00
     vertex -3.288556e+01 -2.766992e+01  1.510000e+00
   endloop
 endfacet
 facet normal  9.438835e-01 -3.302787e-01  0.000000e+00
   outer loop
     vertex -3.288556e+01 -2.766992e+01  0.000000e+00
     vertex -3.273764e+01 -2.724719e+01  0.000000e+00
     vertex -3.273764e+01 -2.724719e+01  1.510000e+00
   endloop
 endfacet
 facet normal  8.467243e-01 -5.320319e-01  0.000000e+00
   outer loop
     vertex -3.312384e+01 -2.804913e+01  0.000000e+00
     vertex -3.288556e+01 -2.766992e+01  1.510000e+00
     vertex -3.312384e+01 -2.804913e+01  1.510000e+00
   endloop
 endfacet
 facet normal  8.467243e-01 -5.320319e-01  0.000000e+00
   outer loop
     vertex -3.312384e+01 -2.804913e+01  0.000000e+00
     vertex -3.288556e+01 -2.766992e+01  0.000000e+00
     vertex -3.288556e+01 -2.766992e+01  1.510000e+00
   endloop
 endfacet
 facet normal  7.071068e-01 -7.071068e-01  0.000000e+00
   outer loop
     vertex -3.344052e+01 -2.836581e+01  0.000000e+00
     vertex -3.312384e+01 -2.804913e+01  1.510000e+00
     vertex -3.344052e+01 -2.836581e+01  1.510000e+00
   endloop
 endfacet
 facet normal  7.071068e-01 -7.071068e-01  0.000000e+00
   outer loop
     vertex -3.344052e+01 -2.836581e+01  0.000000e+00
     vertex -3.312384e+01 -2.804913e+01  0.000000e+00
     vertex -3.312384e+01 -2.804913e+01  1.510000e+00
   endloop
 endfacet
 facet normal  5.320319e-01 -8.467243e-01  0.000000e+00
   outer loop
     vertex -3.381973e+01 -2.860409e+01  0.000000e+00
     vertex -3.344052e+01 -2.836581e+01  1.510000e+00
     vertex -3.381973e+01 -2.860409e+01  1.510000e+00
   endloop
 endfacet
 facet normal  3.302787e-01 -9.438835e-01  0.000000e+00
   outer loop
     vertex -3.381973e+01 -2.860409e+01  0.000000e+00
     vertex -3.381973e+01 -2.860409e+01  1.510000e+00
     vertex -3.424246e+01 -2.875201e+01  1.510000e+00
   endloop
 endfacet
 facet normal  5.320319e-01 -8.467243e-01  0.000000e+00
   outer loop
     vertex -3.381973e+01 -2.860409e+01  0.000000e+00
     vertex -3.344052e+01 -2.836581e+01  0.000000e+00
     vertex -3.344052e+01 -2.836581e+01  1.510000e+00
   endloop
 endfacet
 facet normal  3.302787e-01 -9.438835e-01  0.000000e+00
   outer loop
     vertex -3.424246e+01 -2.875201e+01  0.000000e+00
     vertex -3.381973e+01 -2.860409e+01  0.000000e+00
     vertex -3.424246e+01 -2.875201e+01  1.510000e+00
   endloop
 endfacet
 facet normal  1.119638e-01 -9.937123e-01  0.000000e+00
   outer loop
     vertex -3.468750e+01 -2.880215e+01  0.000000e+00
     vertex -3.424246e+01 -2.875201e+01  1.510000e+00
     vertex -3.468750e+01 -2.880215e+01  1.510000e+00
   endloop
 endfacet
 facet normal  1.119638e-01 -9.937123e-01  0.000000e+00
   outer loop
     vertex -3.468750e+01 -2.880215e+01  0.000000e+00
     vertex -3.424246e+01 -2.875201e+01  0.000000e+00
     vertex -3.424246e+01 -2.875201e+01  1.510000e+00
   endloop
 endfacet
 facet normal  0.000000e+00 -1.000000e+00  0.000000e+00
   outer loop
     vertex -7.288750e+01 -2.880215e+01  0.000000e+00
     vertex -3.468750e+01 -2.880215e+01  0.000000e+00
     vertex -3.468750e+01 -2.880215e+01  1.510000e+00
   endloop
 endfacet
 facet normal  0.000000e+00 -1.000000e+00  0.000000e+00
   outer loop
     vertex -7.288750e+01 -2.880215e+01  0.000000e+00
     vertex -3.468750e+01 -2.880215e+01  1.510000e+00
     vertex -7.288750e+01 -2.880215e+01  1.510000e+00
   endloop
 endfacet
 facet normal -1.119638e-01 -9.937123e-01  0.000000e+00
   outer loop
     vertex -7.333254e+01 -2.875201e+01  0.000000e+00
     vertex -7.288750e+01 -2.880215e+01  0.000000e+00
     vertex -7.288750e+01 -2.880215e+01  1.510000e+00
   endloop
 endfacet
 facet normal -1.119638e-01 -9.937123e-01  0.000000e+00
   outer loop
     vertex -7.333254e+01 -2.875201e+01  0.000000e+00
     vertex -7.288750e+01 -2.880215e+01  1.510000e+00
     vertex -7.333254e+01 -2.875201e+01  1.510000e+00
   endloop
 endfacet
 facet normal -3.302787e-01 -9.438835e-01  0.000000e+00
   outer loop
     vertex -7.375527e+01 -2.860409e+01  0.000000e+00
     vertex -7.333254e+01 -2.875201e+01  1.510000e+00
     vertex -7.375527e+01 -2.860409e+01  1.510000e+00
   endloop
 endfacet
 facet normal -3.302787e-01 -9.438835e-01  0.000000e+00
   outer loop
     vertex -7.375527e+01 -2.860409e+01  0.000000e+00
     vertex -7.333254e+01 -2.875201e+01  0.000000e+00
     vertex -7.333254e+01 -2.875201e+01  1.510000e+00
   endloop
 endfacet
 facet normal -5.320319e-01 -8.467243e-01  0.000000e+00
   outer loop
     vertex -7.413448e+01 -2.836581e+01  0.000000e+00
     vertex -7.375527e+01 -2.860409e+01  1.510000e+00
     vertex -7.413448e+01 -2.836581e+01  1.510000e+00
   endloop
 endfacet
 facet normal -5.320319e-01 -8.467243e-01  0.000000e+00
   outer loop
     vertex -7.413448e+01 -2.836581e+01  0.000000e+00
     vertex -7.375527e+01 -2.860409e+01  0.000000e+00
     vertex -7.375527e+01 -2.860409e+01  1.510000e+00
   endloop
 endfacet
 facet normal -7.071068e-01 -7.071068e-01  0.000000e+00
   outer loop
     vertex -7.445116e+01 -2.804913e+01  0.000000e+00
     vertex -7.413448e+01 -2.836581e+01  1.510000e+00
     vertex -7.445116e+01 -2.804913e+01  1.510000e+00
   endloop
 endfacet
 facet normal -7.071068e-01 -7.071068e-01  0.000000e+00
   outer loop
     vertex -7.445116e+01 -2.804913e+01  0.000000e+00
     vertex -7.413448e+01 -2.836581e+01  0.000000e+00
     vertex -7.413448e+01 -2.836581e+01  1.510000e+00
   endloop
 endfacet
 facet normal -8.467243e-01 -5.320319e-01  0.000000e+00
   outer loop
     vertex -7.468944e+01 -2.766992e+01  0.000000e+00
     vertex -7.445116e+01 -2.804913e+01  1.510000e+00
     vertex -7.468944e+01 -2.766992e+01  1.510000e+00
   endloop
 endfacet
 facet normal -9.438835e-01 -3.302787e-01  0.000000e+00
   outer loop
     vertex -7.468944e+01 -2.766992e+01  0.000000e+00
     vertex -7.468944e+01 -2.766992e+01  1.510000e+00
     vertex -7.483736e+01 -2.724719e+01  1.510000e+00
   endloop
 endfacet
 facet normal -8.467243e-01 -5.320319e-01  0.000000e+00
   outer loop
     vertex -7.468944e+01 -2.766992e+01  0.000000e+00
     vertex -7.445116e+01 -2.804913e+01  0.000000e+00
     vertex -7.445116e+01 -2.804913e+01  1.510000e+00
   endloop
 endfacet
 facet normal -9.438835e-01 -3.302787e-01  0.000000e+00
   outer loop
     vertex -7.483736e+01 -2.724719e+01  0.000000e+00
     vertex -7.468944e+01 -2.766992e+01  0.000000e+00
     vertex -7.483736e+01 -2.724719e+01  1.510000e+00
   endloop
 endfacet
 facet normal -9.937123e-01 -1.119638e-01  0.000000e+00
   outer loop
     vertex -7.488750e+01 -2.680215e+01  0.000000e+00
     vertex -7.483736e+01 -2.724719e+01  1.510000e+00
     vertex -7.488750e+01 -2.680215e+01  1.510000e+00
   endloop
 endfacet
 facet normal -9.937123e-01 -1.119638e-01  0.000000e+00
   outer loop
     vertex -7.488750e+01 -2.680215e+01  0.000000e+00
     vertex -7.483736e+01 -2.724719e+01  0.000000e+00
     vertex -7.483736e+01 -2.724719e+01  1.510000e+00
   endloop
 endfacet
 facet normal -1.000000e+00  0.000000e+00  0.000000e+00
   outer loop
     vertex -7.488750e+01  4.954785e+01  0.000000e+00
     vertex -7.488750e+01 -2.680215e+01  0.000000e+00
     vertex -7.488750e+01 -2.680215e+01  1.510000e+00
   endloop
 endfacet
 facet normal -1.000000e+00  0.000000e+00  0.000000e+00
   outer loop
     vertex -7.488750e+01  4.954785e+01  0.000000e+00
     vertex -7.488750e+01 -2.680215e+01  1.510000e+00
     vertex -7.488750e+01  4.954785e+01  1.510000e+00
   endloop
 endfacet
 facet normal -9.937123e-01  1.119638e-01  0.000000e+00
   outer loop
     vertex -7.483736e+01  4.999289e+01  0.000000e+00
     vertex -7.488750e+01  4.954785e+01  0.000000e+00
     vertex -7.488750e+01  4.954785e+01  1.510000e+00
   endloop
 endfacet
 facet normal -9.937123e-01  1.119638e-01  0.000000e+00
   outer loop
     vertex -7.483736e+01  4.999289e+01  0.000000e+00
     vertex -7.488750e+01  4.954785e+01  1.510000e+00
     vertex -7.483736e+01  4.999289e+01  1.510000e+00
   endloop
 endfacet
 facet normal -9.438835e-01  3.302787e-01  0.000000e+00
   outer loop
     vertex -7.468944e+01  5.041562e+01  0.000000e+00
     vertex -7.483736e+01  4.999289e+01  1.510000e+00
     vertex -7.468944e+01  5.041562e+01  1.510000e+00
   endloop
 endfacet
 facet normal -9.438835e-01  3.302787e-01  0.000000e+00
   outer loop
     vertex -7.468944e+01  5.041562e+01  0.000000e+00
     vertex -7.483736e+01  4.999289e+01  0.000000e+00
     vertex -7.483736e+01  4.999289e+01  1.510000e+00
   endloop
 endfacet
 facet normal -8.467243e-01  5.320319e-01  0.000000e+00
   outer loop
     vertex -7.445116e+01  5.079483e+01  0.000000e+00
     vertex -7.468944e+01  5.041562e+01  1.510000e+00
     vertex -7.445116e+01  5.079483e+01  1.510000e+00
   endloop
 endfacet
 facet normal -8.467243e-01  5.320319e-01  0.000000e+00
   outer loop
     vertex -7.445116e+01  5.079483e+01  0.000000e+00
     vertex -7.468944e+01  5.041562e+01  0.000000e+00
     vertex -7.468944e+01  5.041562e+01  1.510000e+00
   endloop
 endfacet
 facet normal -7.071068e-01  7.071068e-01  0.000000e+00
   outer loop
     vertex -7.413448e+01  5.111151e+01  0.000000e+00
     vertex -7.445116e+01  5.079483e+01  1.510000e+00
     vertex -7.413448e+01  5.111151e+01  1.510000e+00
   endloop
 endfacet
 facet normal -7.071068e-01  7.071068e-01  0.000000e+00
   outer loop
     vertex -7.413448e+01  5.111151e+01  0.000000e+00
     vertex -7.445116e+01  5.079483e+01  0.000000e+00
     vertex -7.445116e+01  5.079483e+01  1.510000e+00
   endloop
 endfacet
 facet normal -5.320319e-01  8.467243e-01  0.000000e+00
   outer loop
     vertex -7.375527e+01  5.134979e+01  0.000000e+00
     vertex -7.413448e+01  5.111151e+01  1.510000e+00
     vertex -7.375527e+01  5.134979e+01  1.510000e+00
   endloop
 endfacet
 facet normal -5.320319e-01  8.467243e-01  0.000000e+00
   outer loop
     vertex -7.375527e+01  5.134979e+01  0.000000e+00
     vertex -7.413448e+01  5.111151e+01  0.000000e+00
     vertex -7.413448e+01  5.111151e+01  1.510000e+00
   endloop
 endfacet
 facet normal -3.302787e-01  9.438835e-01  0.000000e+00
   outer loop
     vertex -7.333254e+01  5.149771e+01  0.000000e+00
     vertex -7.375527e+01  5.134979e+01  1.510000e+00
     vertex -7.333254e+01  5.149771e+01  1.510000e+00
   endloop
 endfacet
 facet normal -3.302787e-01  9.438835e-01  0.000000e+00
   outer loop
     vertex -7.333254e+01  5.149771e+01  0.000000e+00
     vertex -7.375527e+01  5.134979e+01  0.000000e+00
     vertex -7.375527e+01  5.134979e+01  1.510000e+00
   endloop
 endfacet
 facet normal -1.119638e-01  9.937123e-01  0.000000e+00
   outer loop
     vertex -7.288750e+01  5.154785e+01  0.000000e+00
     vertex -7.333254e+01  5.149771e+01  1.510000e+00
     vertex -7.288750e+01  5.154785e+01  1.510000e+00
   endloop
 endfacet
 facet normal -1.119638e-01  9.937123e-01  0.000000e+00
   outer loop
     vertex -7.288750e+01  5.154785e+01  0.000000e+00
     vertex -7.333254e+01  5.149771e+01  0.000000e+00
     vertex -7.333254e+01  5.149771e+01  1.510000e+00
   endloop
 endfacet
 facet normal -2.083703e-16  1.000000e+00  0.000000e+00
   outer loop
     vertex -3.878750e+01  5.154785e+01  0.000000e+00
     vertex -7.288750e+01  5.154785e+01  0.000000e+00
     vertex -7.288750e+01  5.154785e+01  1.510000e+00
   endloop
 endfacet
 facet normal -2.083703e-16  1.000000e+00  0.000000e+00
   outer loop
     vertex -3.878750e+01  5.154785e+01  0.000000e+00
     vertex -7.288750e+01  5.154785e+01  1.510000e+00
     vertex -3.878750e+01  5.154785e+01  1.510000e+00
   endloop
 endfacet
 facet normal -1.119638e-01  9.937123e-01  0.000000e+00
   outer loop
     vertex -3.834246e+01  5.159799e+01  0.000000e+00
     vertex -3.878750e+01  5.154785e+01  0.000000e+00
     vertex -3.878750e+01  5.154785e+01  1.510000e+00
   endloop
 endfacet
 facet normal -1.119638e-01  9.937123e-01  0.000000e+00
   outer loop
     vertex -3.834246e+01  5.159799e+01  0.000000e+00
     vertex -3.878750e+01  5.154785e+01  1.510000e+00
     vertex -3.834246e+01  5.159799e+01  1.510000e+00
   endloop
 endfacet
 facet normal -3.302787e-01  9.438835e-01  0.000000e+00
   outer loop
     vertex -3.791973e+01  5.174591e+01  0.000000e+00
     vertex -3.834246e+01  5.159799e+01  1.510000e+00
     vertex -3.791973e+01  5.174591e+01  1.510000e+00
   endloop
 endfacet
 facet normal -3.302787e-01  9.438835e-01  0.000000e+00
   outer loop
     vertex -3.791973e+01  5.174591e+01  0.000000e+00
     vertex -3.834246e+01  5.159799e+01  0.000000e+00
     vertex -3.834246e+01  5.159799e+01  1.510000e+00
   endloop
 endfacet
 facet normal -5.320319e-01  8.467243e-01  0.000000e+00
   outer loop
     vertex -3.754052e+01  5.198419e+01  0.000000e+00
     vertex -3.791973e+01  5.174591e+01  1.510000e+00
     vertex -3.754052e+01  5.198419e+01  1.510000e+00
   endloop
 endfacet
 facet normal -5.320319e-01  8.467243e-01  0.000000e+00
   outer loop
     vertex -3.754052e+01  5.198419e+01  0.000000e+00
     vertex -3.791973e+01  5.174591e+01  0.000000e+00
     vertex -3.791973e+01  5.174591e+01  1.510000e+00
   endloop
 endfacet
 facet normal -7.071068e-01  7.071068e-01  0.000000e+00
   outer loop
     vertex -3.722384e+01  5.230087e+01  0.000000e+00
     vertex -3.754052e+01  5.198419e+01  1.510000e+00
     vertex -3.722384e+01  5.230087e+01  1.510000e+00
   endloop
 endfacet
 facet normal -7.071068e-01  7.071068e-01  0.000000e+00
   outer loop
     vertex -3.722384e+01  5.230087e+01  0.000000e+00
     vertex -3.754052e+01  5.198419e+01  0.000000e+00
     vertex -3.754052e+01  5.198419e+01  1.510000e+00
   endloop
 endfacet
 facet normal -8.467243e-01  5.320319e-01  0.000000e+00
   outer loop
     vertex -3.698556e+01  5.268008e+01  0.000000e+00
     vertex -3.722384e+01  5.230087e+01  1.510000e+00
     vertex -3.698556e+01  5.268008e+01  1.510000e+00
   endloop
 endfacet
 facet normal -8.467243e-01  5.320319e-01  0.000000e+00
   outer loop
     vertex -3.698556e+01  5.268008e+01  0.000000e+00
     vertex -3.722384e+01  5.230087e+01  0.000000e+00
     vertex -3.722384e+01  5.230087e+01  1.510000e+00
   endloop
 endfacet
 facet normal -9.438835e-01  3.302787e-01  0.000000e+00
   outer loop
     vertex -3.683764e+01  5.310281e+01  0.000000e+00
     vertex -3.698556e+01  5.268008e+01  1.510000e+00
     vertex -3.683764e+01  5.310281e+01  1.510000e+00
   endloop
 endfacet
 facet normal -9.438835e-01  3.302787e-01  0.000000e+00
   outer loop
     vertex -3.683764e+01  5.310281e+01  0.000000e+00
     vertex -3.698556e+01  5.268008e+01  0.000000e+00
     vertex -3.698556e+01  5.268008e+01  1.510000e+00
   endloop
 endfacet
 facet normal -9.937123e-01  1.119638e-01  0.000000e+00
   outer loop
     vertex -3.678750e+01  5.354785e+01  0.000000e+00
     vertex -3.683764e+01  5.310281e+01  1.510000e+00
     vertex -3.678750e+01  5.354785e+01  1.510000e+00
   endloop
 endfacet
 facet normal -9.937123e-01  1.119638e-01  0.000000e+00
   outer loop
     vertex -3.678750e+01  5.354785e+01  0.000000e+00
     vertex -3.683764e+01  5.310281e+01  0.000000e+00
     vertex -3.683764e+01  5.310281e+01  1.510000e+00
   endloop
 endfacet
 facet normal -1.000000e+00  9.473903e-15  0.000000e+00
   outer loop
     vertex -3.678750e+01  5.429785e+01  0.000000e+00
     vertex -3.678750e+01  5.354785e+01  0.000000e+00
     vertex -3.678750e+01  5.354785e+01  1.510000e+00
   endloop
 endfacet
 facet normal -1.000000e+00  9.473903e-15  0.000000e+00
   outer loop
     vertex -3.678750e+01  5.429785e+01  0.000000e+00
     vertex -3.678750e+01  5.354785e+01  1.510000e+00
     vertex -3.678750e+01  5.429785e+01  1.510000e+00
   endloop
 endfacet
 facet normal -9.937123e-01  1.119638e-01  0.000000e+00
   outer loop
     vertex -3.673736e+01  5.474289e+01  0.000000e+00
     vertex -3.678750e+01  5.429785e+01  0.000000e+00
     vertex -3.678750e+01  5.429785e+01  1.510000e+00
   endloop
 endfacet
 facet normal -9.937123e-01  1.119638e-01  0.000000e+00
   outer loop
     vertex -3.673736e+01  5.474289e+01  0.000000e+00
     vertex -3.678750e+01  5.429785e+01  1.510000e+00
     vertex -3.673736e+01  5.474289e+01  1.510000e+00
   endloop
 endfacet
 facet normal -9.438835e-01  3.302787e-01  0.000000e+00
   outer loop
     vertex -3.658944e+01  5.516562e+01  0.000000e+00
     vertex -3.673736e+01  5.474289e+01  1.510000e+00
     vertex -3.658944e+01  5.516562e+01  1.510000e+00
   endloop
 endfacet
 facet normal -9.438835e-01  3.302787e-01  0.000000e+00
   outer loop
     vertex -3.658944e+01  5.516562e+01  0.000000e+00
     vertex -3.673736e+01  5.474289e+01  0.000000e+00
     vertex -3.673736e+01  5.474289e+01  1.510000e+00
   endloop
 endfacet
 facet normal -8.467243e-01  5.320319e-01  0.000000e+00
   outer loop
     vertex -3.635116e+01  5.554483e+01  0.000000e+00
     vertex -3.658944e+01  5.516562e+01  1.510000e+00
     vertex -3.635116e+01  5.554483e+01  1.510000e+00
   endloop
 endfacet
 facet normal -8.467243e-01  5.320319e-01  0.000000e+00
   outer loop
     vertex -3.635116e+01  5.554483e+01  0.000000e+00
     vertex -3.658944e+01  5.516562e+01  0.000000e+00
     vertex -3.658944e+01  5.516562e+01  1.510000e+00
   endloop
 endfacet
 facet normal -7.071068e-01  7.071068e-01  0.000000e+00
   outer loop
     vertex -3.603448e+01  5.586151e+01  0.000000e+00
     vertex -3.635116e+01  5.554483e+01  1.510000e+00
     vertex -3.603448e+01  5.586151e+01  1.510000e+00
   endloop
 endfacet
 facet normal -7.071068e-01  7.071068e-01  0.000000e+00
   outer loop
     vertex -3.603448e+01  5.586151e+01  0.000000e+00
     vertex -3.635116e+01  5.554483e+01  0.000000e+00
     vertex -3.635116e+01  5.554483e+01  1.510000e+00
   endloop
 endfacet
 facet normal -5.320319e-01  8.467243e-01  0.000000e+00
   outer loop
     vertex -3.565527e+01  5.609979e+01  0.000000e+00
     vertex -3.603448e+01  5.586151e+01  1.510000e+00
     vertex -3.565527e+01  5.609979e+01  1.510000e+00
   endloop
 endfacet
 facet normal -5.320319e-01  8.467243e-01  0.000000e+00
   outer loop
     vertex -3.565527e+01  5.609979e+01  0.000000e+00
     vertex -3.603448e+01  5.586151e+01  0.000000e+00
     vertex -3.603448e+01  5.586151e+01  1.510000e+00
   endloop
 endfacet
 facet normal -3.302787e-01  9.438835e-01  0.000000e+00
   outer loop
     vertex -3.523254e+01  5.624771e+01  0.000000e+00
     vertex -3.565527e+01  5.609979e+01  1.510000e+00
     vertex -3.523254e+01  5.624771e+01  1.510000e+00
   endloop
 endfacet
 facet normal -3.302787e-01  9.438835e-01  0.000000e+00
   outer loop
     vertex -3.523254e+01  5.624771e+01  0.000000e+00
     vertex -3.565527e+01  5.609979e+01  0.000000e+00
     vertex -3.565527e+01  5.609979e+01  1.510000e+00
   endloop
 endfacet
 facet normal -1.119638e-01  9.937123e-01  0.000000e+00
   outer loop
     vertex -3.478750e+01  5.629785e+01  0.000000e+00
     vertex -3.523254e+01  5.624771e+01  1.510000e+00
     vertex -3.478750e+01  5.629785e+01  1.510000e+00
   endloop
 endfacet
 facet normal -1.119638e-01  9.937123e-01  0.000000e+00
   outer loop
     vertex -3.478750e+01  5.629785e+01  0.000000e+00
     vertex -3.523254e+01  5.624771e+01  0.000000e+00
     vertex -3.523254e+01  5.624771e+01  1.510000e+00
   endloop
 endfacet
 facet normal  0.000000e+00  1.000000e+00  0.000000e+00
   outer loop
     vertex -1.973750e+01  5.629785e+01  0.000000e+00
     vertex -3.478750e+01  5.629785e+01  0.000000e+00
     vertex -3.478750e+01  5.629785e+01  1.510000e+00
   endloop
 endfacet
 facet normal  0.000000e+00  1.000000e+00 -0.000000e+00
   outer loop
     vertex -1.973750e+01  5.629785e+01  0.000000e+00
     vertex -3.478750e+01  5.629785e+01  1.510000e+00
     vertex -1.973750e+01  5.629785e+01  1.510000e+00
   endloop
 endfacet
 facet normal -1.119638e-01  9.937123e-01  0.000000e+00
   outer loop
     vertex -1.929246e+01  5.634799e+01  0.000000e+00
     vertex -1.973750e+01  5.629785e+01  0.000000e+00
     vertex -1.973750e+01  5.629785e+01  1.510000e+00
   endloop
 endfacet
 facet normal -1.119638e-01  9.937123e-01  0.000000e+00
   outer loop
     vertex -1.929246e+01  5.634799e+01  0.000000e+00
     vertex -1.973750e+01  5.629785e+01  1.510000e+00
     vertex -1.929246e+01  5.634799e+01  1.510000e+00
   endloop
 endfacet
 facet normal -3.302787e-01  9.438835e-01  0.000000e+00
   outer loop
     vertex -1.886973e+01  5.649591e+01  0.000000e+00
     vertex -1.929246e+01  5.634799e+01  1.510000e+00
     vertex -1.886973e+01  5.649591e+01  1.510000e+00
   endloop
 endfacet
 facet normal -3.302787e-01  9.438835e-01  0.000000e+00
   outer loop
     vertex -1.886973e+01  5.649591e+01  0.000000e+00
     vertex -1.929246e+01  5.634799e+01  0.000000e+00
     vertex -1.929246e+01  5.634799e+01  1.510000e+00
   endloop
 endfacet
 facet normal -5.320319e-01  8.467243e-01  0.000000e+00
   outer loop
     vertex -1.849052e+01  5.673419e+01  0.000000e+00
     vertex -1.886973e+01  5.649591e+01  1.510000e+00
     vertex -1.849052e+01  5.673419e+01  1.510000e+00
   endloop
 endfacet
 facet normal -5.320319e-01  8.467243e-01  0.000000e+00
   outer loop
     vertex -1.849052e+01  5.673419e+01  0.000000e+00
     vertex -1.886973e+01  5.649591e+01  0.000000e+00
     vertex -1.886973e+01  5.649591e+01  1.510000e+00
   endloop
 endfacet
 facet normal -7.071068e-01  7.071068e-01  0.000000e+00
   outer loop
     vertex -1.817384e+01  5.705087e+01  0.000000e+00
     vertex -1.849052e+01  5.673419e+01  1.510000e+00
     vertex -1.817384e+01  5.705087e+01  1.510000e+00
   endloop
 endfacet
 facet normal -7.071068e-01  7.071068e-01  0.000000e+00
   outer loop
     vertex -1.817384e+01  5.705087e+01  0.000000e+00
     vertex -1.849052e+01  5.673419e+01  0.000000e+00
     vertex -1.849052e+01  5.673419e+01  1.510000e+00
   endloop
 endfacet
 facet normal -8.467243e-01  5.320319e-01  0.000000e+00
   outer loop
     vertex -1.793556e+01  5.743008e+01  0.000000e+00
     vertex -1.817384e+01  5.705087e+01  1.510000e+00
     vertex -1.793556e+01  5.743008e+01  1.510000e+00
   endloop
 endfacet
 facet normal -9.438835e-01  3.302787e-01  0.000000e+00
   outer loop
     vertex -1.793556e+01  5.743008e+01  0.000000e+00
     vertex -1.793556e+01  5.743008e+01  1.510000e+00
     vertex -1.778764e+01  5.785281e+01  1.510000e+00
   endloop
 endfacet
 facet normal -8.467243e-01  5.320319e-01  0.000000e+00
   outer loop
     vertex -1.793556e+01  5.743008e+01  0.000000e+00
     vertex -1.817384e+01  5.705087e+01  0.000000e+00
     vertex -1.817384e+01  5.705087e+01  1.510000e+00
   endloop
 endfacet
 facet normal -9.438835e-01  3.302787e-01  0.000000e+00
   outer loop
     vertex -1.778764e+01  5.785281e+01  0.000000e+00
     vertex -1.793556e+01  5.743008e+01  0.000000e+00
     vertex -1.778764e+01  5.785281e+01  1.510000e+00
   endloop
 endfacet
 facet normal -9.937123e-01  1.119638e-01  0.000000e+00
   outer loop
     vertex -1.773750e+01  5.829785e+01  0.000000e+00
     vertex -1.778764e+01  5.785281e+01  1.510000e+00
     vertex -1.773750e+01  5.829785e+01  1.510000e+00
   endloop
 endfacet
 facet normal -9.937123e-01  1.119638e-01  0.000000e+00
   outer loop
     vertex -1.773750e+01  5.829785e+01  0.000000e+00
     vertex -1.778764e+01  5.785281e+01  0.000000e+00
     vertex -1.778764e+01  5.785281e+01  1.510000e+00
   endloop
 endfacet
 facet normal -1.000000e+00 -4.736952e-15  0.000000e+00
   outer loop
     vertex -1.773750e+01  5.904785e+01  0.000000e+00
     vertex -1.773750e+01  5.829785e+01  0.000000e+00
     vertex -1.773750e+01  5.829785e+01  1.510000e+00
   endloop
 endfacet
 facet normal -1.000000e+00 -4.736952e-15  0.000000e+00
   outer loop
     vertex -1.773750e+01  5.904785e+01  0.000000e+00
     vertex -1.773750e+01  5.829785e+01  1.510000e+00
     vertex -1.773750e+01  5.904785e+01  1.510000e+00
   endloop
 endfacet
 facet normal -9.937123e-01  1.119638e-01  0.000000e+00
   outer loop
     vertex -1.768736e+01  5.949289e+01  0.000000e+00
     vertex -1.773750e+01  5.904785e+01  0.000000e+00
     vertex -1.773750e+01  5.904785e+01  1.510000e+00
   endloop
 endfacet
 facet normal -9.937123e-01  1.119638e-01  0.000000e+00
   outer loop
     vertex -1.768736e+01  5.949289e+01  0.000000e+00
     vertex -1.773750e+01  5.904785e+01  1.510000e+00
     vertex -1.768736e+01  5.949289e+01  1.510000e+00
   endloop
 endfacet
 facet normal -9.438835e-01  3.302787e-01  0.000000e+00
   outer loop
     vertex -1.753944e+01  5.991562e+01  0.000000e+00
     vertex -1.768736e+01  5.949289e+01  1.510000e+00
     vertex -1.753944e+01  5.991562e+01  1.510000e+00
   endloop
 endfacet
 facet normal -9.438835e-01  3.302787e-01  0.000000e+00
   outer loop
     vertex -1.753944e+01  5.991562e+01  0.000000e+00
     vertex -1.768736e+01  5.949289e+01  0.000000e+00
     vertex -1.768736e+01  5.949289e+01  1.510000e+00
   endloop
 endfacet
 facet normal -8.467243e-01  5.320319e-01  0.000000e+00
   outer loop
     vertex -1.730116e+01  6.029483e+01  0.000000e+00
     vertex -1.753944e+01  5.991562e+01  1.510000e+00
     vertex -1.730116e+01  6.029483e+01  1.510000e+00
   endloop
 endfacet
 facet normal -8.467243e-01  5.320319e-01  0.000000e+00
   outer loop
     vertex -1.730116e+01  6.029483e+01  0.000000e+00
     vertex -1.753944e+01  5.991562e+01  0.000000e+00
     vertex -1.753944e+01  5.991562e+01  1.510000e+00
   endloop
 endfacet
 facet normal -7.071068e-01  7.071068e-01  0.000000e+00
   outer loop
     vertex -1.698448e+01  6.061151e+01  0.000000e+00
     vertex -1.730116e+01  6.029483e+01  1.510000e+00
     vertex -1.698448e+01  6.061151e+01  1.510000e+00
   endloop
 endfacet
 facet normal -5.320319e-01  8.467243e-01  0.000000e+00
   outer loop
     vertex -1.698448e+01  6.061151e+01  0.000000e+00
     vertex -1.698448e+01  6.061151e+01  1.510000e+00
     vertex -1.660527e+01  6.084979e+01  1.510000e+00
   endloop
 endfacet
 facet normal -7.071068e-01  7.071068e-01  0.000000e+00
   outer loop
     vertex -1.698448e+01  6.061151e+01  0.000000e+00
     vertex -1.730116e+01  6.029483e+01  0.000000e+00
     vertex -1.730116e+01  6.029483e+01  1.510000e+00
   endloop
 endfacet
 facet normal -5.320319e-01  8.467243e-01  0.000000e+00
   outer loop
     vertex -1.660527e+01  6.084979e+01  0.000000e+00
     vertex -1.698448e+01  6.061151e+01  0.000000e+00
     vertex -1.660527e+01  6.084979e+01  1.510000e+00
   endloop
 endfacet
 facet normal -3.302787e-01  9.438835e-01  0.000000e+00
   outer loop
     vertex -1.618254e+01  6.099771e+01  0.000000e+00
     vertex -1.660527e+01  6.084979e+01  1.510000e+00
     vertex -1.618254e+01  6.099771e+01  1.510000e+00
   endloop
 endfacet
 facet normal -3.302787e-01  9.438835e-01  0.000000e+00
   outer loop
     vertex -1.618254e+01  6.099771e+01  0.000000e+00
     vertex -1.660527e+01  6.084979e+01  0.000000e+00
     vertex -1.660527e+01  6.084979e+01  1.510000e+00
   endloop
 endfacet
 facet normal -1.119638e-01  9.937123e-01  0.000000e+00
   outer loop
     vertex -1.573750e+01  6.104785e+01  0.000000e+00
     vertex -1.618254e+01  6.099771e+01  1.510000e+00
     vertex -1.573750e+01  6.104785e+01  1.510000e+00
   endloop
 endfacet
 facet normal -1.119638e-01  9.937123e-01  0.000000e+00
   outer loop
     vertex -1.573750e+01  6.104785e+01  0.000000e+00
     vertex -1.618254e+01  6.099771e+01  0.000000e+00
     vertex -1.618254e+01  6.099771e+01  1.510000e+00
   endloop
 endfacet
 facet normal  0.000000e+00  1.000000e+00  0.000000e+00
   outer loop
     vertex  3.412500e+00  6.104785e+01  0.000000e+00
     vertex -1.573750e+01  6.104785e+01  0.000000e+00
     vertex -1.573750e+01  6.104785e+01  1.510000e+00
   endloop
 endfacet
 facet normal  0.000000e+00  1.000000e+00 -0.000000e+00
   outer loop
     vertex  3.412500e+00  6.104785e+01  0.000000e+00
     vertex -1.573750e+01  6.104785e+01  1.510000e+00
     vertex  3.412500e+00  6.104785e+01  1.510000e+00
   endloop
 endfacet
 facet normal  0.000000e+00  0.000000e+00 -1.000000e+00
   outer loop
     vertex -7.333254e+01 -2.875201e+01  0.000000e+00
     vertex -7.375527e+01 -2.860409e+01  0.000000e+00
     vertex -7.413448e+01 -2.836581e+01  0.000000e+00
   endloop
 endfacet
 facet normal  0.000000e+00  0.000000e+00 -1.000000e+00
   outer loop
     vertex -7.333254e+01 -2.875201e+01  0.000000e+00
     vertex -7.413448e+01 -2.836581e+01  0.000000e+00
     vertex -7.445116e+01 -2.804913e+01  0.000000e+00
   endloop
 endfacet
 facet normal  0.000000e+00  0.000000e+00 -1.000000e+00
   outer loop
     vertex -7.488750e+01 -2.680215e+01  0.000000e+00
     vertex -7.288750e+01 -2.880215e+01  0.000000e+00
     vertex -7.333254e+01 -2.875201e+01  0.000000e+00
   endloop
 endfacet
 facet normal  0.000000e+00  0.000000e+00 -1.000000e+00
   outer loop
     vertex -7.488750e+01 -2.680215e+01  0.000000e+00
     vertex -7.445116e+01 -2.804913e+01  0.000000e+00
     vertex -7.468944e+01 -2.766992e+01  0.000000e+00
   endloop
 endfacet
 facet normal  0.000000e+00  0.000000e+00 -1.000000e+00
   outer loop
     vertex -7.488750e+01 -2.680215e+01  0.000000e+00
     vertex -7.468944e+01 -2.766992e+01  0.000000e+00
     vertex -7.483736e+01 -2.724719e+01  0.000000e+00
   endloop
 endfacet
 facet normal  0.000000e+00  0.000000e+00 -1.000000e+00
   outer loop
     vertex -7.488750e+01 -2.680215e+01  0.000000e+00
     vertex -7.333254e+01 -2.875201e+01  0.000000e+00
     vertex -7.445116e+01 -2.804913e+01  0.000000e+00
   endloop
 endfacet
 facet normal  0.000000e+00  0.000000e+00 -1.000000e+00
   outer loop
     vertex -3.344052e+01 -2.836581e+01  0.000000e+00
     vertex -3.381973e+01 -2.860409e+01  0.000000e+00
     vertex -3.424246e+01 -2.875201e+01  0.000000e+00
   endloop
 endfacet
 facet normal  0.000000e+00  0.000000e+00 -1.000000e+00
   outer loop
     vertex -3.312384e+01 -2.804913e+01  0.000000e+00
     vertex -3.344052e+01 -2.836581e+01  0.000000e+00
     vertex -3.424246e+01 -2.875201e+01  0.000000e+00
   endloop
 endfacet
 facet normal  0.000000e+00  0.000000e+00 -1.000000e+00
   outer loop
     vertex -3.288556e+01 -2.766992e+01  0.000000e+00
     vertex -3.424246e+01 -2.875201e+01  0.000000e+00
     vertex -3.468750e+01 -2.880215e+01  0.000000e+00
   endloop
 endfacet
 facet normal  0.000000e+00  0.000000e+00 -1.000000e+00
   outer loop
     vertex -3.288556e+01 -2.766992e+01  0.000000e+00
     vertex -3.312384e+01 -2.804913e+01  0.000000e+00
     vertex -3.424246e+01 -2.875201e+01  0.000000e+00
   endloop
 endfacet
 facet normal  0.000000e+00  0.000000e+00 -1.000000e+00
   outer loop
     vertex -3.273764e+01 -2.724719e+01  0.000000e+00
     vertex -3.288556e+01 -2.766992e+01  0.000000e+00
     vertex -3.468750e+01 -2.880215e+01  0.000000e+00
   endloop
 endfacet
 facet normal  0.000000e+00  0.000000e+00 -1.000000e+00
   outer loop
     vertex -3.268750e+01 -2.680215e+01  0.000000e+00
     vertex -3.273764e+01 -2.724719e+01  0.000000e+00
     vertex -3.468750e+01 -2.880215e+01  0.000000e+00
   endloop
 endfacet
 facet normal  0.000000e+00 -0.000000e+00 -1.000000e+00
   outer loop
     vertex -3.268750e+01 -2.605215e+01  0.000000e+00
     vertex -3.268750e+01 -2.680215e+01  0.000000e+00
     vertex -3.468750e+01 -2.880215e+01  0.000000e+00
   endloop
 endfacet
 facet normal  0.000000e+00  0.000000e+00 -1.000000e+00
   outer loop
     vertex -3.263736e+01 -2.560711e+01  0.000000e+00
     vertex -3.268750e+01 -2.605215e+01  0.000000e+00
     vertex -3.468750e+01 -2.880215e+01  0.000000e+00
   endloop
 endfacet
 facet normal  0.000000e+00  0.000000e+00 -1.000000e+00
   outer loop
     vertex -3.248944e+01 -2.518438e+01  0.000000e+00
     vertex -3.263736e+01 -2.560711e+01  0.000000e+00
     vertex -3.468750e+01 -2.880215e+01  0.000000e+00
   endloop
 endfacet
 facet normal  0.000000e+00  0.000000e+00 -1.000000e+00
   outer loop
     vertex -3.248944e+01 -2.518438e+01  0.000000e+00
     vertex -3.468750e+01 -2.880215e+01  0.000000e+00
     vertex -7.288750e+01 -2.880215e+01  0.000000e+00
   endloop
 endfacet
 facet normal  0.000000e+00  0.000000e+00 -1.000000e+00
   outer loop
     vertex -3.225116e+01 -2.480517e+01  0.000000e+00
     vertex -3.248944e+01 -2.518438e+01  0.000000e+00
     vertex -7.288750e+01 -2.880215e+01  0.000000e+00
   endloop
 endfacet
 facet normal  0.000000e+00  0.000000e+00 -1.000000e+00
   outer loop
     vertex -3.225116e+01 -2.480517e+01  0.000000e+00
     vertex -7.288750e+01 -2.880215e+01  0.000000e+00
     vertex -7.488750e+01 -2.680215e+01  0.000000e+00
   endloop
 endfacet
 facet normal  0.000000e+00  0.000000e+00 -1.000000e+00
   outer loop
     vertex -3.193448e+01 -2.448849e+01  0.000000e+00
     vertex -3.225116e+01 -2.480517e+01  0.000000e+00
     vertex -7.488750e+01 -2.680215e+01  0.000000e+00
   endloop
 endfacet
 facet normal  0.000000e+00  0.000000e+00 -1.000000e+00
   outer loop
     vertex -6.187500e+00 -4.785215e+01  0.000000e+00
     vertex -6.632542e+00 -4.780201e+01  0.000000e+00
     vertex -7.055268e+00 -4.765409e+01  0.000000e+00
   endloop
 endfacet
 facet normal  0.000000e+00  0.000000e+00 -1.000000e+00
   outer loop
     vertex -6.187500e+00 -4.785215e+01  0.000000e+00
     vertex -7.055268e+00 -4.765409e+01  0.000000e+00
     vertex -7.434480e+00 -4.741581e+01  0.000000e+00
   endloop
 endfacet
 facet normal  0.000000e+00  0.000000e+00 -1.000000e+00
   outer loop
     vertex -6.187500e+00 -4.785215e+01  0.000000e+00
     vertex -7.434480e+00 -4.741581e+01  0.000000e+00
     vertex -7.751163e+00 -4.709913e+01  0.000000e+00
   endloop
 endfacet
 facet normal  0.000000e+00  0.000000e+00 -1.000000e+00
   outer loop
     vertex -6.187500e+00 -4.785215e+01  0.000000e+00
     vertex -7.751163e+00 -4.709913e+01  0.000000e+00
     vertex -7.989438e+00 -4.671992e+01  0.000000e+00
   endloop
 endfacet
 facet normal  0.000000e+00  0.000000e+00 -1.000000e+00
   outer loop
     vertex -6.187500e+00 -4.785215e+01  0.000000e+00
     vertex -7.989438e+00 -4.671992e+01  0.000000e+00
     vertex -8.137356e+00 -4.629719e+01  0.000000e+00
   endloop
 endfacet
 facet normal  0.000000e+00  0.000000e+00 -1.000000e+00
   outer loop
     vertex -6.187500e+00 -4.785215e+01  0.000000e+00
     vertex -8.137356e+00 -4.629719e+01  0.000000e+00
     vertex -8.187500e+00 -4.585215e+01  0.000000e+00
   endloop
 endfacet
 facet normal  0.000000e+00  0.000000e+00 -1.000000e+00
   outer loop
     vertex  1.081250e+01 -5.060215e+01  0.000000e+00
     vertex  1.156552e+01 -5.216581e+01  0.000000e+00
     vertex  1.124884e+01 -5.184913e+01  0.000000e+00
   endloop
 endfacet
 facet normal  0.000000e+00  0.000000e+00 -1.000000e+00
   outer loop
     vertex  1.081250e+01 -5.060215e+01  0.000000e+00
     vertex  1.124884e+01 -5.184913e+01  0.000000e+00
     vertex  1.101056e+01 -5.146992e+01  0.000000e+00
   endloop
 endfacet
 facet normal  0.000000e+00  0.000000e+00 -1.000000e+00
   outer loop
     vertex  1.081250e+01 -5.060215e+01  0.000000e+00
     vertex  1.101056e+01 -5.146992e+01  0.000000e+00
     vertex  1.086264e+01 -5.104719e+01  0.000000e+00
   endloop
 endfacet
 facet normal  0.000000e+00  0.000000e+00 -1.000000e+00
   outer loop
     vertex  1.281250e+01 -5.260215e+01  0.000000e+00
     vertex  1.156552e+01 -5.216581e+01  0.000000e+00
     vertex  1.081250e+01 -5.060215e+01  0.000000e+00
   endloop
 endfacet
 facet normal  0.000000e+00  0.000000e+00 -1.000000e+00
   outer loop
     vertex  1.281250e+01 -5.260215e+01  0.000000e+00
     vertex  1.236746e+01 -5.255201e+01  0.000000e+00
     vertex  1.194473e+01 -5.240409e+01  0.000000e+00
   endloop
 endfacet
 facet normal  0.000000e+00  0.000000e+00 -1.000000e+00
   outer loop
     vertex  1.281250e+01 -5.260215e+01  0.000000e+00
     vertex  1.194473e+01 -5.240409e+01  0.000000e+00
     vertex  1.156552e+01 -5.216581e+01  0.000000e+00
   endloop
 endfacet
 facet normal  0.000000e+00  0.000000e+00 -1.000000e+00
   outer loop
     vertex  8.812500e+00 -4.785215e+01  0.000000e+00
     vertex -6.187500e+00 -4.785215e+01  0.000000e+00
     vertex -8.187500e+00 -4.585215e+01  0.000000e+00
   endloop
 endfacet
 facet normal  0.000000e+00  0.000000e+00 -1.000000e+00
   outer loop
     vertex  1.081250e+01 -4.985215e+01  0.000000e+00
     vertex  1.281250e+01 -5.260215e+01  0.000000e+00
     vertex  1.081250e+01 -5.060215e+01  0.000000e+00
   endloop
 endfacet
 facet normal  0.000000e+00  0.000000e+00 -1.000000e+00
   outer loop
     vertex  1.076236e+01 -4.940711e+01  0.000000e+00
     vertex  1.281250e+01 -5.260215e+01  0.000000e+00
     vertex  1.081250e+01 -4.985215e+01  0.000000e+00
   endloop
 endfacet
 facet normal  0.000000e+00  0.000000e+00 -1.000000e+00
   outer loop
     vertex  1.061444e+01 -4.898438e+01  0.000000e+00
     vertex  1.281250e+01 -5.260215e+01  0.000000e+00
     vertex  1.076236e+01 -4.940711e+01  0.000000e+00
   endloop
 endfacet
 facet normal  0.000000e+00  0.000000e+00 -1.000000e+00
   outer loop
     vertex -8.187500e+00 -2.605215e+01  0.000000e+00
     vertex  8.812500e+00 -4.785215e+01  0.000000e+00
     vertex -8.187500e+00 -4.585215e+01  0.000000e+00
   endloop
 endfacet
 facet normal  0.000000e+00  0.000000e+00 -1.000000e+00
   outer loop
     vertex -8.187500e+00 -2.605215e+01  0.000000e+00
     vertex  9.257542e+00 -4.790229e+01  0.000000e+00
     vertex  8.812500e+00 -4.785215e+01  0.000000e+00
   endloop
 endfacet
 facet normal  0.000000e+00  0.000000e+00 -1.000000e+00
   outer loop
     vertex -8.237644e+00 -2.560711e+01  0.000000e+00
     vertex  9.257542e+00 -4.790229e+01  0.000000e+00
     vertex -8.187500e+00 -2.605215e+01  0.000000e+00
   endloop
 endfacet
 facet normal  0.000000e+00  0.000000e+00 -1.000000e+00
   outer loop
     vertex -8.237644e+00 -2.560711e+01  0.000000e+00
     vertex  9.680268e+00 -4.805021e+01  0.000000e+00
     vertex  9.257542e+00 -4.790229e+01  0.000000e+00
   endloop
 endfacet
 facet normal  0.000000e+00  0.000000e+00 -1.000000e+00
   outer loop
     vertex -7.488750e+01  4.954785e+01  0.000000e+00
     vertex -3.193448e+01 -2.448849e+01  0.000000e+00
     vertex -7.488750e+01 -2.680215e+01  0.000000e+00
   endloop
 endfacet
 facet normal  0.000000e+00  0.000000e+00 -1.000000e+00
   outer loop
     vertex  2.942636e+01 -5.260215e+01  0.000000e+00
     vertex  1.281250e+01 -5.260215e+01  0.000000e+00
     vertex  1.061444e+01 -4.898438e+01  0.000000e+00
   endloop
 endfacet
 facet normal  0.000000e+00  0.000000e+00 -1.000000e+00
   outer loop
     vertex  2.942636e+01 -5.260215e+01  0.000000e+00
     vertex  1.061444e+01 -4.898438e+01  0.000000e+00
     vertex  1.037616e+01 -4.860517e+01  0.000000e+00
   endloop
 endfacet
 facet normal  0.000000e+00  0.000000e+00 -1.000000e+00
   outer loop
     vertex  2.942636e+01 -5.260215e+01  0.000000e+00
     vertex  1.037616e+01 -4.860517e+01  0.000000e+00
     vertex  1.005948e+01 -4.828849e+01  0.000000e+00
   endloop
 endfacet
 facet normal  0.000000e+00  0.000000e+00 -1.000000e+00
   outer loop
     vertex  2.942636e+01 -5.260215e+01  0.000000e+00
     vertex  1.005948e+01 -4.828849e+01  0.000000e+00
     vertex  9.680268e+00 -4.805021e+01  0.000000e+00
   endloop
 endfacet
 facet normal  0.000000e+00  0.000000e+00 -1.000000e+00
   outer loop
     vertex -7.413448e+01  5.111151e+01  0.000000e+00
     vertex -7.483736e+01  4.999289e+01  0.000000e+00
     vertex -7.468944e+01  5.041562e+01  0.000000e+00
   endloop
 endfacet
 facet normal  0.000000e+00  0.000000e+00 -1.000000e+00
   outer loop
     vertex -7.413448e+01  5.111151e+01  0.000000e+00
     vertex -7.468944e+01  5.041562e+01  0.000000e+00
     vertex -7.445116e+01  5.079483e+01  0.000000e+00
   endloop
 endfacet
 facet normal  0.000000e+00  0.000000e+00 -1.000000e+00
   outer loop
     vertex -7.375527e+01  5.134979e+01  0.000000e+00
     vertex -7.488750e+01  4.954785e+01  0.000000e+00
     vertex -7.483736e+01  4.999289e+01  0.000000e+00
   endloop
 endfacet
 facet normal  0.000000e+00  0.000000e+00 -1.000000e+00
   outer loop
     vertex -7.375527e+01  5.134979e+01  0.000000e+00
     vertex -7.483736e+01  4.999289e+01  0.000000e+00
     vertex -7.413448e+01  5.111151e+01  0.000000e+00
   endloop
 endfacet
 facet normal  0.000000e+00  0.000000e+00 -1.000000e+00
   outer loop
     vertex -7.288750e+01  5.154785e+01  0.000000e+00
     vertex -7.375527e+01  5.134979e+01  0.000000e+00
     vertex -7.333254e+01  5.149771e+01  0.000000e+00
   endloop
 endfacet
 facet normal  0.000000e+00  0.000000e+00 -1.000000e+00
   outer loop
     vertex -7.288750e+01  5.154785e+01  0.000000e+00
     vertex -7.488750e+01  4.954785e+01  0.000000e+00
     vertex -7.375527e+01  5.134979e+01  0.000000e+00
   endloop
 endfacet
 facet normal  0.000000e+00  0.000000e+00 -1.000000e+00
   outer loop
     vertex  5.073553e+01 -6.104468e+01  0.000000e+00
     vertex  5.028833e+01 -6.101967e+01  0.000000e+00
     vertex  4.985790e+01 -6.089576e+01  0.000000e+00
   endloop
 endfacet
 facet normal  0.000000e+00  0.000000e+00 -1.000000e+00
   outer loop
     vertex  5.159085e+01 -6.079802e+01  0.000000e+00
     vertex  5.117709e+01 -6.096954e+01  0.000000e+00
     vertex  5.073553e+01 -6.104468e+01  0.000000e+00
   endloop
 endfacet
 facet normal  0.000000e+00  0.000000e+00 -1.000000e+00
   outer loop
     vertex  5.159085e+01 -6.079802e+01  0.000000e+00
     vertex  5.073553e+01 -6.104468e+01  0.000000e+00
     vertex  4.985790e+01 -6.089576e+01  0.000000e+00
   endloop
 endfacet
 facet normal  0.000000e+00  0.000000e+00 -1.000000e+00
   outer loop
     vertex  5.225441e+01 -6.020465e+01  0.000000e+00
     vertex  5.195606e+01 -6.053872e+01  0.000000e+00
     vertex  5.159085e+01 -6.079802e+01  0.000000e+00
   endloop
 endfacet
 facet normal -0.000000e+00  0.000000e+00 -1.000000e+00
   outer loop
     vertex  5.247093e+01 -5.981256e+01  0.000000e+00
     vertex  4.985790e+01 -6.089576e+01  0.000000e+00
     vertex  3.019136e+01 -5.275424e+01  0.000000e+00
   endloop
 endfacet
 facet normal  0.000000e+00  0.000000e+00 -1.000000e+00
   outer loop
     vertex  5.247093e+01 -5.981256e+01  0.000000e+00
     vertex  5.159085e+01 -6.079802e+01  0.000000e+00
     vertex  4.985790e+01 -6.089576e+01  0.000000e+00
   endloop
 endfacet
 facet normal  0.000000e+00  0.000000e+00 -1.000000e+00
   outer loop
     vertex  5.247093e+01 -5.981256e+01  0.000000e+00
     vertex  5.225441e+01 -6.020465e+01  0.000000e+00
     vertex  5.159085e+01 -6.079802e+01  0.000000e+00
   endloop
 endfacet
 facet normal  0.000000e+00  0.000000e+00 -1.000000e+00
   outer loop
     vertex -3.878750e+01  5.154785e+01  0.000000e+00
     vertex -7.488750e+01  4.954785e+01  0.000000e+00
     vertex -7.288750e+01  5.154785e+01  0.000000e+00
   endloop
 endfacet
 facet normal  0.000000e+00  0.000000e+00 -1.000000e+00
   outer loop
     vertex -3.878750e+01  5.154785e+01  0.000000e+00
     vertex -3.068750e+01 -2.405215e+01  0.000000e+00
     vertex -3.113254e+01 -2.410229e+01  0.000000e+00
   endloop
 endfacet
 facet normal  0.000000e+00  0.000000e+00 -1.000000e+00
   outer loop
     vertex -3.878750e+01  5.154785e+01  0.000000e+00
     vertex -3.113254e+01 -2.410229e+01  0.000000e+00
     vertex -3.155527e+01 -2.425021e+01  0.000000e+00
   endloop
 endfacet
 facet normal  0.000000e+00  0.000000e+00 -1.000000e+00
   outer loop
     vertex -3.878750e+01  5.154785e+01  0.000000e+00
     vertex -3.155527e+01 -2.425021e+01  0.000000e+00
     vertex -3.193448e+01 -2.448849e+01  0.000000e+00
   endloop
 endfacet
 facet normal  0.000000e+00 -0.000000e+00 -1.000000e+00
   outer loop
     vertex -3.878750e+01  5.154785e+01  0.000000e+00
     vertex -3.193448e+01 -2.448849e+01  0.000000e+00
     vertex -7.488750e+01  4.954785e+01  0.000000e+00
   endloop
 endfacet
 facet normal  0.000000e+00 -0.000000e+00 -1.000000e+00
   outer loop
     vertex -3.834246e+01  5.159799e+01  0.000000e+00
     vertex -3.068750e+01 -2.405215e+01  0.000000e+00
     vertex -3.878750e+01  5.154785e+01  0.000000e+00
   endloop
 endfacet
 facet normal  0.000000e+00  0.000000e+00 -1.000000e+00
   outer loop
     vertex -3.791973e+01  5.174591e+01  0.000000e+00
     vertex -1.018750e+01 -2.405215e+01  0.000000e+00
     vertex -3.068750e+01 -2.405215e+01  0.000000e+00
   endloop
 endfacet
 facet normal  0.000000e+00 -0.000000e+00 -1.000000e+00
   outer loop
     vertex -3.791973e+01  5.174591e+01  0.000000e+00
     vertex -3.068750e+01 -2.405215e+01  0.000000e+00
     vertex -3.834246e+01  5.159799e+01  0.000000e+00
   endloop
 endfacet
 facet normal  0.000000e+00  0.000000e+00 -1.000000e+00
   outer loop
     vertex -3.635116e+01  5.554483e+01  0.000000e+00
     vertex -3.673736e+01  5.474289e+01  0.000000e+00
     vertex -3.658944e+01  5.516562e+01  0.000000e+00
   endloop
 endfacet
 facet normal  0.000000e+00  0.000000e+00 -1.000000e+00
   outer loop
     vertex -3.603448e+01  5.586151e+01  0.000000e+00
     vertex -3.673736e+01  5.474289e+01  0.000000e+00
     vertex -3.635116e+01  5.554483e+01  0.000000e+00
   endloop
 endfacet
 facet normal  0.000000e+00  0.000000e+00 -1.000000e+00
   outer loop
     vertex -3.565527e+01  5.609979e+01  0.000000e+00
     vertex -3.678750e+01  5.429785e+01  0.000000e+00
     vertex -3.673736e+01  5.474289e+01  0.000000e+00
   endloop
 endfacet
 facet normal  0.000000e+00  0.000000e+00 -1.000000e+00
   outer loop
     vertex -3.565527e+01  5.609979e+01  0.000000e+00
     vertex -3.673736e+01  5.474289e+01  0.000000e+00
     vertex -3.603448e+01  5.586151e+01  0.000000e+00
   endloop
 endfacet
 facet normal  0.000000e+00  0.000000e+00 -1.000000e+00
   outer loop
     vertex -3.478750e+01  5.629785e+01  0.000000e+00
     vertex -3.678750e+01  5.429785e+01  0.000000e+00
     vertex -3.565527e+01  5.609979e+01  0.000000e+00
   endloop
 endfacet
 facet normal  0.000000e+00  0.000000e+00 -1.000000e+00
   outer loop
     vertex -3.478750e+01  5.629785e+01  0.000000e+00
     vertex -3.565527e+01  5.609979e+01  0.000000e+00
     vertex -3.523254e+01  5.624771e+01  0.000000e+00
   endloop
 endfacet
 facet normal  0.000000e+00  0.000000e+00 -1.000000e+00
   outer loop
     vertex -3.478750e+01  5.629785e+01  0.000000e+00
     vertex -3.678750e+01  5.354785e+01  0.000000e+00
     vertex -3.678750e+01  5.429785e+01  0.000000e+00
   endloop
 endfacet
 facet normal  0.000000e+00  0.000000e+00 -1.000000e+00
   outer loop
     vertex -3.478750e+01  5.629785e+01  0.000000e+00
     vertex -3.698556e+01  5.268008e+01  0.000000e+00
     vertex -3.683764e+01  5.310281e+01  0.000000e+00
   endloop
 endfacet
 facet normal  0.000000e+00  0.000000e+00 -1.000000e+00
   outer loop
     vertex -3.478750e+01  5.629785e+01  0.000000e+00
     vertex -3.683764e+01  5.310281e+01  0.000000e+00
     vertex -3.678750e+01  5.354785e+01  0.000000e+00
   endloop
 endfacet
 facet normal  0.000000e+00  0.000000e+00 -1.000000e+00
   outer loop
     vertex -1.973750e+01  5.629785e+01  0.000000e+00
     vertex -3.791973e+01  5.174591e+01  0.000000e+00
     vertex -3.754052e+01  5.198419e+01  0.000000e+00
   endloop
 endfacet
 facet normal  0.000000e+00  0.000000e+00 -1.000000e+00
   outer loop
     vertex -1.973750e+01  5.629785e+01  0.000000e+00
     vertex -3.754052e+01  5.198419e+01  0.000000e+00
     vertex -3.722384e+01  5.230087e+01  0.000000e+00
   endloop
 endfacet
 facet normal  0.000000e+00  0.000000e+00 -1.000000e+00
   outer loop
     vertex -1.973750e+01  5.629785e+01  0.000000e+00
     vertex -3.722384e+01  5.230087e+01  0.000000e+00
     vertex -3.698556e+01  5.268008e+01  0.000000e+00
   endloop
 endfacet
 facet normal -0.000000e+00  0.000000e+00 -1.000000e+00
   outer loop
     vertex -1.973750e+01  5.629785e+01  0.000000e+00
     vertex -3.698556e+01  5.268008e+01  0.000000e+00
     vertex -3.478750e+01  5.629785e+01  0.000000e+00
   endloop
 endfacet
 facet normal  0.000000e+00 -0.000000e+00 -1.000000e+00
   outer loop
     vertex -1.973750e+01  5.629785e+01  0.000000e+00
     vertex -1.018750e+01 -2.405215e+01  0.000000e+00
     vertex -3.791973e+01  5.174591e+01  0.000000e+00
   endloop
 endfacet
 facet normal  0.000000e+00 -0.000000e+00 -1.000000e+00
   outer loop
     vertex -1.929246e+01  5.634799e+01  0.000000e+00
     vertex -1.018750e+01 -2.405215e+01  0.000000e+00
     vertex -1.973750e+01  5.629785e+01  0.000000e+00
   endloop
 endfacet
 facet normal  0.000000e+00  0.000000e+00 -1.000000e+00
   outer loop
     vertex -1.730116e+01  6.029483e+01  0.000000e+00
     vertex -1.768736e+01  5.949289e+01  0.000000e+00
     vertex -1.753944e+01  5.991562e+01  0.000000e+00
   endloop
 endfacet
 facet normal  0.000000e+00  0.000000e+00 -1.000000e+00
   outer loop
     vertex -1.698448e+01  6.061151e+01  0.000000e+00
     vertex -1.768736e+01  5.949289e+01  0.000000e+00
     vertex -1.730116e+01  6.029483e+01  0.000000e+00
   endloop
 endfacet
 facet normal  0.000000e+00  0.000000e+00 -1.000000e+00
   outer loop
     vertex -1.618254e+01  6.099771e+01  0.000000e+00
     vertex -1.698448e+01  6.061151e+01  0.000000e+00
     vertex -1.660527e+01  6.084979e+01  0.000000e+00
   endloop
 endfacet
 facet normal  0.000000e+00  0.000000e+00 -1.000000e+00
   outer loop
     vertex -1.573750e+01  6.104785e+01  0.000000e+00
     vertex -1.773750e+01  5.904785e+01  0.000000e+00
     vertex -1.768736e+01  5.949289e+01  0.000000e+00
   endloop
 endfacet
 facet normal  0.000000e+00  0.000000e+00 -1.000000e+00
   outer loop
     vertex -1.573750e+01  6.104785e+01  0.000000e+00
     vertex -1.773750e+01  5.829785e+01  0.000000e+00
     vertex -1.773750e+01  5.904785e+01  0.000000e+00
   endloop
 endfacet
 facet normal  0.000000e+00  0.000000e+00 -1.000000e+00
   outer loop
     vertex -1.573750e+01  6.104785e+01  0.000000e+00
     vertex -1.793556e+01  5.743008e+01  0.000000e+00
     vertex -1.778764e+01  5.785281e+01  0.000000e+00
   endloop
 endfacet
 facet normal  0.000000e+00  0.000000e+00 -1.000000e+00
   outer loop
     vertex -1.573750e+01  6.104785e+01  0.000000e+00
     vertex -1.778764e+01  5.785281e+01  0.000000e+00
     vertex -1.773750e+01  5.829785e+01  0.000000e+00
   endloop
 endfacet
 facet normal  0.000000e+00  0.000000e+00 -1.000000e+00
   outer loop
     vertex -1.573750e+01  6.104785e+01  0.000000e+00
     vertex -1.698448e+01  6.061151e+01  0.000000e+00
     vertex -1.618254e+01  6.099771e+01  0.000000e+00
   endloop
 endfacet
 facet normal  0.000000e+00  0.000000e+00 -1.000000e+00
   outer loop
     vertex -1.573750e+01  6.104785e+01  0.000000e+00
     vertex -1.768736e+01  5.949289e+01  0.000000e+00
     vertex -1.698448e+01  6.061151e+01  0.000000e+00
   endloop
 endfacet
 facet normal  0.000000e+00  0.000000e+00 -1.000000e+00
   outer loop
     vertex  4.414800e+01  7.792824e+00  0.000000e+00
     vertex -8.237644e+00 -2.560711e+01  0.000000e+00
     vertex -8.385562e+00 -2.518438e+01  0.000000e+00
   endloop
 endfacet
 facet normal  0.000000e+00  0.000000e+00 -1.000000e+00
   outer loop
     vertex  4.414800e+01  7.792824e+00  0.000000e+00
     vertex  9.680268e+00 -4.805021e+01  0.000000e+00
     vertex -8.237644e+00 -2.560711e+01  0.000000e+00
   endloop
 endfacet
 facet normal -0.000000e+00  0.000000e+00 -1.000000e+00
   outer loop
     vertex  4.456203e+01  7.474970e+00  0.000000e+00
     vertex  9.680268e+00 -4.805021e+01  0.000000e+00
     vertex  4.414800e+01  7.792824e+00  0.000000e+00
   endloop
 endfacet
 facet normal  0.000000e+00  0.000000e+00 -1.000000e+00
   outer loop
     vertex  4.456203e+01  7.474970e+00  0.000000e+00
     vertex  2.942636e+01 -5.260215e+01  0.000000e+00
     vertex  9.680268e+00 -4.805021e+01  0.000000e+00
   endloop
 endfacet
 facet normal  0.000000e+00  0.000000e+00 -1.000000e+00
   outer loop
     vertex  4.456203e+01  7.474970e+00  0.000000e+00
     vertex  2.968728e+01 -5.261925e+01  0.000000e+00
     vertex  2.942636e+01 -5.260215e+01  0.000000e+00
   endloop
 endfacet
 facet normal  0.000000e+00 -0.000000e+00 -1.000000e+00
   outer loop
     vertex  4.383031e+01  8.206984e+00  0.000000e+00
     vertex  4.414800e+01  7.792824e+00  0.000000e+00
     vertex -8.385562e+00 -2.518438e+01  0.000000e+00
   endloop
 endfacet
 facet normal  0.000000e+00  0.000000e+00 -1.000000e+00
   outer loop
     vertex  4.383031e+01  8.206984e+00  0.000000e+00
     vertex -8.385562e+00 -2.518438e+01  0.000000e+00
     vertex -8.623837e+00 -2.480517e+01  0.000000e+00
   endloop
 endfacet
 facet normal -0.000000e+00  0.000000e+00 -1.000000e+00
   outer loop
     vertex  4.504421e+01  7.275074e+00  0.000000e+00
     vertex  2.968728e+01 -5.261925e+01  0.000000e+00
     vertex  4.456203e+01  7.474970e+00  0.000000e+00
   endloop
 endfacet
 facet normal  0.000000e+00  0.000000e+00 -1.000000e+00
   outer loop
     vertex  4.504421e+01  7.275074e+00  0.000000e+00
     vertex  3.019136e+01 -5.275424e+01  0.000000e+00
     vertex  2.994374e+01 -5.267023e+01  0.000000e+00
   endloop
 endfacet
 facet normal  0.000000e+00  0.000000e+00 -1.000000e+00
   outer loop
     vertex  4.504421e+01  7.275074e+00  0.000000e+00
     vertex  2.994374e+01 -5.267023e+01  0.000000e+00
     vertex  2.968728e+01 -5.261925e+01  0.000000e+00
   endloop
 endfacet
 facet normal  0.000000e+00  0.000000e+00 -1.000000e+00
   outer loop
     vertex  4.363061e+01  8.689243e+00  0.000000e+00
     vertex -8.623837e+00 -2.480517e+01  0.000000e+00
     vertex -8.940520e+00 -2.448849e+01  0.000000e+00
   endloop
 endfacet
 facet normal  0.000000e+00 -0.000000e+00 -1.000000e+00
   outer loop
     vertex  4.363061e+01  8.689243e+00  0.000000e+00
     vertex  4.383031e+01  8.206984e+00  0.000000e+00
     vertex -8.623837e+00 -2.480517e+01  0.000000e+00
   endloop
 endfacet
 facet normal -0.000000e+00  0.000000e+00 -1.000000e+00
   outer loop
     vertex  4.556169e+01  7.206750e+00  0.000000e+00
     vertex  3.019136e+01 -5.275424e+01  0.000000e+00
     vertex  4.504421e+01  7.275074e+00  0.000000e+00
   endloop
 endfacet
 facet normal  0.000000e+00  0.000000e+00 -1.000000e+00
   outer loop
     vertex  4.356250e+01  9.206750e+00  0.000000e+00
     vertex -8.940520e+00 -2.448849e+01  0.000000e+00
     vertex -9.319732e+00 -2.425021e+01  0.000000e+00
   endloop
 endfacet
 facet normal  0.000000e+00  0.000000e+00 -1.000000e+00
   outer loop
     vertex  4.356250e+01  9.206750e+00  0.000000e+00
     vertex -9.319732e+00 -2.425021e+01  0.000000e+00
     vertex -9.742458e+00 -2.410229e+01  0.000000e+00
   endloop
 endfacet
 facet normal  0.000000e+00 -0.000000e+00 -1.000000e+00
   outer loop
     vertex  4.356250e+01  9.206750e+00  0.000000e+00
     vertex  4.363061e+01  8.689243e+00  0.000000e+00
     vertex -8.940520e+00 -2.448849e+01  0.000000e+00
   endloop
 endfacet
 facet normal -0.000000e+00  0.000000e+00 -1.000000e+00
   outer loop
     vertex  5.848837e+00  5.705087e+01  0.000000e+00
     vertex -1.849052e+01  5.673419e+01  0.000000e+00
     vertex -1.817384e+01  5.705087e+01  0.000000e+00
   endloop
 endfacet
 facet normal  0.000000e+00  0.000000e+00 -1.000000e+00
   outer loop
     vertex  5.848837e+00  5.705087e+01  0.000000e+00
     vertex -1.817384e+01  5.705087e+01  0.000000e+00
     vertex -1.793556e+01  5.743008e+01  0.000000e+00
   endloop
 endfacet
 facet normal  0.000000e+00 -0.000000e+00 -1.000000e+00
   outer loop
     vertex  5.848837e+00  5.705087e+01  0.000000e+00
     vertex  6.165520e+00  5.673419e+01  0.000000e+00
     vertex -1.849052e+01  5.673419e+01  0.000000e+00
   endloop
 endfacet
 facet normal -0.000000e+00  0.000000e+00 -1.000000e+00
   outer loop
     vertex  6.544732e+00  5.649591e+01  0.000000e+00
     vertex -1.929246e+01  5.634799e+01  0.000000e+00
     vertex -1.886973e+01  5.649591e+01  0.000000e+00
   endloop
 endfacet
 facet normal  0.000000e+00  0.000000e+00 -1.000000e+00
   outer loop
     vertex  6.544732e+00  5.649591e+01  0.000000e+00
     vertex -1.886973e+01  5.649591e+01  0.000000e+00
     vertex -1.849052e+01  5.673419e+01  0.000000e+00
   endloop
 endfacet
 facet normal  0.000000e+00  0.000000e+00 -1.000000e+00
   outer loop
     vertex  6.544732e+00  5.649591e+01  0.000000e+00
     vertex -1.849052e+01  5.673419e+01  0.000000e+00
     vertex  6.165520e+00  5.673419e+01  0.000000e+00
   endloop
 endfacet
 facet normal -0.000000e+00 -0.000000e+00 -1.000000e+00
   outer loop
     vertex  5.610562e+00  5.743008e+01  0.000000e+00
     vertex  5.848837e+00  5.705087e+01  0.000000e+00
     vertex -1.793556e+01  5.743008e+01  0.000000e+00
   endloop
 endfacet
 facet normal -0.000000e+00  0.000000e+00 -1.000000e+00
   outer loop
     vertex  6.967458e+00  5.634799e+01  0.000000e+00
     vertex -1.018750e+01 -2.405215e+01  0.000000e+00
     vertex -1.929246e+01  5.634799e+01  0.000000e+00
   endloop
 endfacet
 facet normal  0.000000e+00  0.000000e+00 -1.000000e+00
   outer loop
     vertex  6.967458e+00  5.634799e+01  0.000000e+00
     vertex -1.929246e+01  5.634799e+01  0.000000e+00
     vertex  6.544732e+00  5.649591e+01  0.000000e+00
   endloop
 endfacet
 facet normal  0.000000e+00  0.000000e+00 -1.000000e+00
   outer loop
     vertex  6.967458e+00  5.634799e+01  0.000000e+00
     vertex -9.742458e+00 -2.410229e+01  0.000000e+00
     vertex -1.018750e+01 -2.405215e+01  0.000000e+00
   endloop
 endfacet
 facet normal -0.000000e+00  0.000000e+00 -1.000000e+00
   outer loop
     vertex  7.412500e+00  5.629785e+01  0.000000e+00
     vertex -9.742458e+00 -2.410229e+01  0.000000e+00
     vertex  6.967458e+00  5.634799e+01  0.000000e+00
   endloop
 endfacet
 facet normal  0.000000e+00 -0.000000e+00 -1.000000e+00
   outer loop
     vertex  7.412500e+00  5.629785e+01  0.000000e+00
     vertex  4.356250e+01  9.206750e+00  0.000000e+00
     vertex -9.742458e+00 -2.410229e+01  0.000000e+00
   endloop
 endfacet
 facet normal  0.000000e+00 -0.000000e+00 -1.000000e+00
   outer loop
     vertex  3.412500e+00  6.104785e+01  0.000000e+00
     vertex  5.610562e+00  5.743008e+01  0.000000e+00
     vertex -1.793556e+01  5.743008e+01  0.000000e+00
   endloop
 endfacet
 facet normal  0.000000e+00  0.000000e+00 -1.000000e+00
   outer loop
     vertex  3.412500e+00  6.104785e+01  0.000000e+00
     vertex  5.412500e+00  5.829785e+01  0.000000e+00
     vertex  5.462644e+00  5.785281e+01  0.000000e+00
   endloop
 endfacet
 facet normal  0.000000e+00  0.000000e+00 -1.000000e+00
   outer loop
     vertex  3.412500e+00  6.104785e+01  0.000000e+00
     vertex  5.462644e+00  5.785281e+01  0.000000e+00
     vertex  5.610562e+00  5.743008e+01  0.000000e+00
   endloop
 endfacet
 facet normal -0.000000e+00  0.000000e+00 -1.000000e+00
   outer loop
     vertex  3.412500e+00  6.104785e+01  0.000000e+00
     vertex -1.793556e+01  5.743008e+01  0.000000e+00
     vertex -1.573750e+01  6.104785e+01  0.000000e+00
   endloop
 endfacet
 facet normal -0.000000e+00 -0.000000e+00 -1.000000e+00
   outer loop
     vertex  5.412500e+00  5.904785e+01  0.000000e+00
     vertex  5.412500e+00  5.829785e+01  0.000000e+00
     vertex  3.412500e+00  6.104785e+01  0.000000e+00
   endloop
 endfacet
 facet normal -0.000000e+00 -0.000000e+00 -1.000000e+00
   outer loop
     vertex  4.976163e+00  6.029483e+01  0.000000e+00
     vertex  5.412500e+00  5.904785e+01  0.000000e+00
     vertex  3.412500e+00  6.104785e+01  0.000000e+00
   endloop
 endfacet
 facet normal  0.000000e+00  0.000000e+00 -1.000000e+00
   outer loop
     vertex  4.976163e+00  6.029483e+01  0.000000e+00
     vertex  3.412500e+00  6.104785e+01  0.000000e+00
     vertex  3.857542e+00  6.099771e+01  0.000000e+00
   endloop
 endfacet
 facet normal  0.000000e+00  0.000000e+00 -1.000000e+00
   outer loop
     vertex  4.976163e+00  6.029483e+01  0.000000e+00
     vertex  3.857542e+00  6.099771e+01  0.000000e+00
     vertex  4.280268e+00  6.084979e+01  0.000000e+00
   endloop
 endfacet
 facet normal  0.000000e+00  0.000000e+00 -1.000000e+00
   outer loop
     vertex  4.976163e+00  6.029483e+01  0.000000e+00
     vertex  4.280268e+00  6.084979e+01  0.000000e+00
     vertex  4.659480e+00  6.061151e+01  0.000000e+00
   endloop
 endfacet
 facet normal  0.000000e+00  0.000000e+00 -1.000000e+00
   outer loop
     vertex  4.976163e+00  6.029483e+01  0.000000e+00
     vertex  5.214438e+00  5.991562e+01  0.000000e+00
     vertex  5.362356e+00  5.949289e+01  0.000000e+00
   endloop
 endfacet
 facet normal  0.000000e+00  0.000000e+00 -1.000000e+00
   outer loop
     vertex  4.976163e+00  6.029483e+01  0.000000e+00
     vertex  5.362356e+00  5.949289e+01  0.000000e+00
     vertex  5.412500e+00  5.904785e+01  0.000000e+00
   endloop
 endfacet
 facet normal  0.000000e+00  0.000000e+00 -1.000000e+00
   outer loop
     vertex  7.471053e+01 -6.066851e+00  0.000000e+00
     vertex  5.247093e+01 -5.981256e+01  0.000000e+00
     vertex  3.019136e+01 -5.275424e+01  0.000000e+00
   endloop
 endfacet
 facet normal -0.000000e+00  0.000000e+00 -1.000000e+00
   outer loop
     vertex  7.471053e+01 -6.066851e+00  0.000000e+00
     vertex  3.019136e+01 -5.275424e+01  0.000000e+00
     vertex  4.556169e+01  7.206750e+00  0.000000e+00
   endloop
 endfacet
 facet normal  0.000000e+00  0.000000e+00 -1.000000e+00
   outer loop
     vertex  7.486250e+01 -5.302147e+00  0.000000e+00
     vertex  7.484542e+01 -5.562962e+00  0.000000e+00
     vertex  7.479448e+01 -5.819323e+00  0.000000e+00
   endloop
 endfacet
 facet normal  0.000000e+00  0.000000e+00 -1.000000e+00
   outer loop
     vertex  7.486250e+01 -5.302147e+00  0.000000e+00
     vertex  7.479448e+01 -5.819323e+00  0.000000e+00
     vertex  7.471053e+01 -6.066851e+00  0.000000e+00
   endloop
 endfacet
 facet normal -0.000000e+00  0.000000e+00 -1.000000e+00
   outer loop
     vertex  7.486250e+01 -5.302147e+00  0.000000e+00
     vertex  7.471053e+01 -6.066851e+00  0.000000e+00
     vertex  4.556169e+01  7.206750e+00  0.000000e+00
   endloop
 endfacet
 facet normal  0.000000e+00  0.000000e+00 -1.000000e+00
   outer loop
     vertex  2.526552e+01  5.198419e+01  0.000000e+00
     vertex  7.412500e+00  5.629785e+01  0.000000e+00
     vertex  2.494884e+01  5.230087e+01  0.000000e+00
   endloop
 endfacet
 facet normal -0.000000e+00 -0.000000e+00 -1.000000e+00
   outer loop
     vertex  2.471056e+01  5.268008e+01  0.000000e+00
     vertex  2.494884e+01  5.230087e+01  0.000000e+00
     vertex  7.412500e+00  5.629785e+01  0.000000e+00
   endloop
 endfacet
 facet normal -0.000000e+00 -0.000000e+00 -1.000000e+00
   outer loop
     vertex  2.564473e+01  5.174591e+01  0.000000e+00
     vertex  4.356250e+01  9.206750e+00  0.000000e+00
     vertex  7.412500e+00  5.629785e+01  0.000000e+00
   endloop
 endfacet
 facet normal  0.000000e+00  0.000000e+00 -1.000000e+00
   outer loop
     vertex  2.564473e+01  5.174591e+01  0.000000e+00
     vertex  7.412500e+00  5.629785e+01  0.000000e+00
     vertex  2.526552e+01  5.198419e+01  0.000000e+00
   endloop
 endfacet
 facet normal -0.000000e+00 -0.000000e+00 -1.000000e+00
   outer loop
     vertex  2.606746e+01  5.159799e+01  0.000000e+00
     vertex  4.356250e+01  9.206750e+00  0.000000e+00
     vertex  2.564473e+01  5.174591e+01  0.000000e+00
   endloop
 endfacet
 facet normal -0.000000e+00 -0.000000e+00 -1.000000e+00
   outer loop
     vertex  2.651250e+01  5.154785e+01  0.000000e+00
     vertex  4.356250e+01  9.206750e+00  0.000000e+00
     vertex  2.606746e+01  5.159799e+01  0.000000e+00
   endloop
 endfacet
 facet normal -0.000000e+00 -0.000000e+00 -1.000000e+00
   outer loop
     vertex  2.251250e+01  5.629785e+01  0.000000e+00
     vertex  2.471056e+01  5.268008e+01  0.000000e+00
     vertex  7.412500e+00  5.629785e+01  0.000000e+00
   endloop
 endfacet
 facet normal  0.000000e+00  0.000000e+00 -1.000000e+00
   outer loop
     vertex  2.251250e+01  5.629785e+01  0.000000e+00
     vertex  2.451250e+01  5.354785e+01  0.000000e+00
     vertex  2.456264e+01  5.310281e+01  0.000000e+00
   endloop
 endfacet
 facet normal  0.000000e+00  0.000000e+00 -1.000000e+00
   outer loop
     vertex  2.251250e+01  5.629785e+01  0.000000e+00
     vertex  2.456264e+01  5.310281e+01  0.000000e+00
     vertex  2.471056e+01  5.268008e+01  0.000000e+00
   endloop
 endfacet
 facet normal  0.000000e+00  0.000000e+00 -1.000000e+00
   outer loop
     vertex  2.251250e+01  5.629785e+01  0.000000e+00
     vertex  2.451250e+01  5.429785e+01  0.000000e+00
     vertex  2.451250e+01  5.354785e+01  0.000000e+00
   endloop
 endfacet
 facet normal -0.000000e+00 -0.000000e+00 -1.000000e+00
   outer loop
     vertex  2.431444e+01  5.516562e+01  0.000000e+00
     vertex  2.451250e+01  5.429785e+01  0.000000e+00
     vertex  2.251250e+01  5.629785e+01  0.000000e+00
   endloop
 endfacet
 facet normal  0.000000e+00  0.000000e+00 -1.000000e+00
   outer loop
     vertex  2.431444e+01  5.516562e+01  0.000000e+00
     vertex  2.251250e+01  5.629785e+01  0.000000e+00
     vertex  2.295754e+01  5.624771e+01  0.000000e+00
   endloop
 endfacet
 facet normal  0.000000e+00  0.000000e+00 -1.000000e+00
   outer loop
     vertex  2.431444e+01  5.516562e+01  0.000000e+00
     vertex  2.295754e+01  5.624771e+01  0.000000e+00
     vertex  2.338027e+01  5.609979e+01  0.000000e+00
   endloop
 endfacet
 facet normal  0.000000e+00  0.000000e+00 -1.000000e+00
   outer loop
     vertex  2.431444e+01  5.516562e+01  0.000000e+00
     vertex  2.446236e+01  5.474289e+01  0.000000e+00
     vertex  2.451250e+01  5.429785e+01  0.000000e+00
   endloop
 endfacet
 facet normal  0.000000e+00  0.000000e+00 -1.000000e+00
   outer loop
     vertex  2.407616e+01  5.554483e+01  0.000000e+00
     vertex  2.338027e+01  5.609979e+01  0.000000e+00
     vertex  2.375948e+01  5.586151e+01  0.000000e+00
   endloop
 endfacet
 facet normal -0.000000e+00 -0.000000e+00 -1.000000e+00
   outer loop
     vertex  2.407616e+01  5.554483e+01  0.000000e+00
     vertex  2.431444e+01  5.516562e+01  0.000000e+00
     vertex  2.338027e+01  5.609979e+01  0.000000e+00
   endloop
 endfacet
 facet normal  0.000000e+00  0.000000e+00 -1.000000e+00
   outer loop
     vertex  7.286331e+01  7.195674e+00  0.000000e+00
     vertex  7.486250e+01  5.195674e+00  0.000000e+00
     vertex  7.486250e+01 -5.302147e+00  0.000000e+00
   endloop
 endfacet
 facet normal -0.000000e+00 -0.000000e+00 -1.000000e+00
   outer loop
     vertex  7.286331e+01  7.195674e+00  0.000000e+00
     vertex  7.486250e+01 -5.302147e+00  0.000000e+00
     vertex  4.556169e+01  7.206750e+00  0.000000e+00
   endloop
 endfacet
 facet normal  0.000000e+00  0.000000e+00 -1.000000e+00
   outer loop
     vertex  7.386296e+01  6.927443e+00  0.000000e+00
     vertex  7.286331e+01  7.195674e+00  0.000000e+00
     vertex  7.338079e+01  7.127343e+00  0.000000e+00
   endloop
 endfacet
 facet normal  0.000000e+00  0.000000e+00 -1.000000e+00
   outer loop
     vertex  7.427699e+01  6.609589e+00  0.000000e+00
     vertex  7.459467e+01  6.195432e+00  0.000000e+00
     vertex  7.479438e+01  5.713178e+00  0.000000e+00
   endloop
 endfacet
 facet normal  0.000000e+00  0.000000e+00 -1.000000e+00
   outer loop
     vertex  7.427699e+01  6.609589e+00  0.000000e+00
     vertex  7.479438e+01  5.713178e+00  0.000000e+00
     vertex  7.486250e+01  5.195674e+00  0.000000e+00
   endloop
 endfacet
 facet normal -0.000000e+00 -0.000000e+00 -1.000000e+00
   outer loop
     vertex  7.427699e+01  6.609589e+00  0.000000e+00
     vertex  7.486250e+01  5.195674e+00  0.000000e+00
     vertex  7.286331e+01  7.195674e+00  0.000000e+00
   endloop
 endfacet
 facet normal  0.000000e+00  0.000000e+00 -1.000000e+00
   outer loop
     vertex  7.427699e+01  6.609589e+00  0.000000e+00
     vertex  7.286331e+01  7.195674e+00  0.000000e+00
     vertex  7.386296e+01  6.927443e+00  0.000000e+00
   endloop
 endfacet
 facet normal -0.000000e+00 -0.000000e+00 -1.000000e+00
   outer loop
     vertex  4.356250e+01  4.954785e+01  0.000000e+00
     vertex  4.356250e+01  9.206750e+00  0.000000e+00
     vertex  2.651250e+01  5.154785e+01  0.000000e+00
   endloop
 endfacet
 facet normal -0.000000e+00 -0.000000e+00 -1.000000e+00
   outer loop
     vertex  4.156250e+01  5.154785e+01  0.000000e+00
     vertex  4.356250e+01  4.954785e+01  0.000000e+00
     vertex  2.651250e+01  5.154785e+01  0.000000e+00
   endloop
 endfacet
 facet normal  0.000000e+00  0.000000e+00 -1.000000e+00
   outer loop
     vertex  4.280948e+01  5.111151e+01  0.000000e+00
     vertex  4.200754e+01  5.149771e+01  0.000000e+00
     vertex  4.243027e+01  5.134979e+01  0.000000e+00
   endloop
 endfacet
 facet normal  0.000000e+00  0.000000e+00 -1.000000e+00
   outer loop
     vertex  4.312616e+01  5.079483e+01  0.000000e+00
     vertex  4.156250e+01  5.154785e+01  0.000000e+00
     vertex  4.200754e+01  5.149771e+01  0.000000e+00
   endloop
 endfacet
 facet normal  0.000000e+00  0.000000e+00 -1.000000e+00
   outer loop
     vertex  4.312616e+01  5.079483e+01  0.000000e+00
     vertex  4.336444e+01  5.041562e+01  0.000000e+00
     vertex  4.351236e+01  4.999289e+01  0.000000e+00
   endloop
 endfacet
 facet normal  0.000000e+00  0.000000e+00 -1.000000e+00
   outer loop
     vertex  4.312616e+01  5.079483e+01  0.000000e+00
     vertex  4.351236e+01  4.999289e+01  0.000000e+00
     vertex  4.356250e+01  4.954785e+01  0.000000e+00
   endloop
 endfacet
 facet normal  0.000000e+00  0.000000e+00 -1.000000e+00
   outer loop
     vertex  4.312616e+01  5.079483e+01  0.000000e+00
     vertex  4.200754e+01  5.149771e+01  0.000000e+00
     vertex  4.280948e+01  5.111151e+01  0.000000e+00
   endloop
 endfacet
 facet normal -0.000000e+00 -0.000000e+00 -1.000000e+00
   outer loop
     vertex  4.312616e+01  5.079483e+01  0.000000e+00
     vertex  4.356250e+01  4.954785e+01  0.000000e+00
     vertex  4.156250e+01  5.154785e+01  0.000000e+00
   endloop
 endfacet
 facet normal  0.000000e+00  0.000000e+00  1.000000e+00
   outer loop
     vertex -7.333254e+01 -2.875201e+01  1.510000e+00
     vertex -7.413448e+01 -2.836581e+01  1.510000e+00
     vertex -7.375527e+01 -2.860409e+01  1.510000e+00
   endloop
 endfacet
 facet normal  0.000000e+00  0.000000e+00  1.000000e+00
   outer loop
     vertex -7.333254e+01 -2.875201e+01  1.510000e+00
     vertex -7.445116e+01 -2.804913e+01  1.510000e+00
     vertex -7.413448e+01 -2.836581e+01  1.510000e+00
   endloop
 endfacet
 facet normal  0.000000e+00  0.000000e+00  1.000000e+00
   outer loop
     vertex -7.488750e+01 -2.680215e+01  1.510000e+00
     vertex -7.333254e+01 -2.875201e+01  1.510000e+00
     vertex -7.288750e+01 -2.880215e+01  1.510000e+00
   endloop
 endfacet
 facet normal  0.000000e+00  0.000000e+00  1.000000e+00
   outer loop
     vertex -7.488750e+01 -2.680215e+01  1.510000e+00
     vertex -7.468944e+01 -2.766992e+01  1.510000e+00
     vertex -7.445116e+01 -2.804913e+01  1.510000e+00
   endloop
 endfacet
 facet normal  0.000000e+00  0.000000e+00  1.000000e+00
   outer loop
     vertex -7.488750e+01 -2.680215e+01  1.510000e+00
     vertex -7.483736e+01 -2.724719e+01  1.510000e+00
     vertex -7.468944e+01 -2.766992e+01  1.510000e+00
   endloop
 endfacet
 facet normal  0.000000e+00  0.000000e+00  1.000000e+00
   outer loop
     vertex -7.488750e+01 -2.680215e+01  1.510000e+00
     vertex -7.445116e+01 -2.804913e+01  1.510000e+00
     vertex -7.333254e+01 -2.875201e+01  1.510000e+00
   endloop
 endfacet
 facet normal  0.000000e+00  0.000000e+00  1.000000e+00
   outer loop
     vertex -3.344052e+01 -2.836581e+01  1.510000e+00
     vertex -3.424246e+01 -2.875201e+01  1.510000e+00
     vertex -3.381973e+01 -2.860409e+01  1.510000e+00
   endloop
 endfacet
 facet normal  0.000000e+00  0.000000e+00  1.000000e+00
   outer loop
     vertex -3.312384e+01 -2.804913e+01  1.510000e+00
     vertex -3.424246e+01 -2.875201e+01  1.510000e+00
     vertex -3.344052e+01 -2.836581e+01  1.510000e+00
   endloop
 endfacet
 facet normal  0.000000e+00  0.000000e+00  1.000000e+00
   outer loop
     vertex -3.288556e+01 -2.766992e+01  1.510000e+00
     vertex -3.468750e+01 -2.880215e+01  1.510000e+00
     vertex -3.424246e+01 -2.875201e+01  1.510000e+00
   endloop
 endfacet
 facet normal  0.000000e+00  0.000000e+00  1.000000e+00
   outer loop
     vertex -3.288556e+01 -2.766992e+01  1.510000e+00
     vertex -3.424246e+01 -2.875201e+01  1.510000e+00
     vertex -3.312384e+01 -2.804913e+01  1.510000e+00
   endloop
 endfacet
 facet normal  0.000000e+00  0.000000e+00  1.000000e+00
   outer loop
     vertex -3.273764e+01 -2.724719e+01  1.510000e+00
     vertex -3.468750e+01 -2.880215e+01  1.510000e+00
     vertex -3.288556e+01 -2.766992e+01  1.510000e+00
   endloop
 endfacet
 facet normal  0.000000e+00  0.000000e+00  1.000000e+00
   outer loop
     vertex -3.268750e+01 -2.680215e+01  1.510000e+00
     vertex -3.468750e+01 -2.880215e+01  1.510000e+00
     vertex -3.273764e+01 -2.724719e+01  1.510000e+00
   endloop
 endfacet
 facet normal  0.000000e+00  0.000000e+00  1.000000e+00
   outer loop
     vertex -3.268750e+01 -2.605215e+01  1.510000e+00
     vertex -3.468750e+01 -2.880215e+01  1.510000e+00
     vertex -3.268750e+01 -2.680215e+01  1.510000e+00
   endloop
 endfacet
 facet normal  0.000000e+00  0.000000e+00  1.000000e+00
   outer loop
     vertex -3.263736e+01 -2.560711e+01  1.510000e+00
     vertex -3.468750e+01 -2.880215e+01  1.510000e+00
     vertex -3.268750e+01 -2.605215e+01  1.510000e+00
   endloop
 endfacet
 facet normal  0.000000e+00  0.000000e+00  1.000000e+00
   outer loop
     vertex -3.248944e+01 -2.518438e+01  1.510000e+00
     vertex -3.468750e+01 -2.880215e+01  1.510000e+00
     vertex -3.263736e+01 -2.560711e+01  1.510000e+00
   endloop
 endfacet
 facet normal  0.000000e+00  0.000000e+00  1.000000e+00
   outer loop
     vertex -3.248944e+01 -2.518438e+01  1.510000e+00
     vertex -7.288750e+01 -2.880215e+01  1.510000e+00
     vertex -3.468750e+01 -2.880215e+01  1.510000e+00
   endloop
 endfacet
 facet normal  0.000000e+00  0.000000e+00  1.000000e+00
   outer loop
     vertex -3.225116e+01 -2.480517e+01  1.510000e+00
     vertex -7.288750e+01 -2.880215e+01  1.510000e+00
     vertex -3.248944e+01 -2.518438e+01  1.510000e+00
   endloop
 endfacet
 facet normal  0.000000e+00  0.000000e+00  1.000000e+00
   outer loop
     vertex -3.225116e+01 -2.480517e+01  1.510000e+00
     vertex -7.488750e+01 -2.680215e+01  1.510000e+00
     vertex -7.288750e+01 -2.880215e+01  1.510000e+00
   endloop
 endfacet
 facet normal  0.000000e+00  0.000000e+00  1.000000e+00
   outer loop
     vertex -3.193448e+01 -2.448849e+01  1.510000e+00
     vertex -7.488750e+01 -2.680215e+01  1.510000e+00
     vertex -3.225116e+01 -2.480517e+01  1.510000e+00
   endloop
 endfacet
 facet normal  0.000000e+00  0.000000e+00  1.000000e+00
   outer loop
     vertex -6.187500e+00 -4.785215e+01  1.510000e+00
     vertex -7.055268e+00 -4.765409e+01  1.510000e+00
     vertex -6.632542e+00 -4.780201e+01  1.510000e+00
   endloop
 endfacet
 facet normal  0.000000e+00  0.000000e+00  1.000000e+00
   outer loop
     vertex -6.187500e+00 -4.785215e+01  1.510000e+00
     vertex -7.434480e+00 -4.741581e+01  1.510000e+00
     vertex -7.055268e+00 -4.765409e+01  1.510000e+00
   endloop
 endfacet
 facet normal  0.000000e+00  0.000000e+00  1.000000e+00
   outer loop
     vertex -6.187500e+00 -4.785215e+01  1.510000e+00
     vertex -7.751163e+00 -4.709913e+01  1.510000e+00
     vertex -7.434480e+00 -4.741581e+01  1.510000e+00
   endloop
 endfacet
 facet normal  0.000000e+00  0.000000e+00  1.000000e+00
   outer loop
     vertex -6.187500e+00 -4.785215e+01  1.510000e+00
     vertex -7.989438e+00 -4.671992e+01  1.510000e+00
     vertex -7.751163e+00 -4.709913e+01  1.510000e+00
   endloop
 endfacet
 facet normal  0.000000e+00  0.000000e+00  1.000000e+00
   outer loop
     vertex -6.187500e+00 -4.785215e+01  1.510000e+00
     vertex -8.137356e+00 -4.629719e+01  1.510000e+00
     vertex -7.989438e+00 -4.671992e+01  1.510000e+00
   endloop
 endfacet
 facet normal  0.000000e+00  0.000000e+00  1.000000e+00
   outer loop
     vertex -6.187500e+00 -4.785215e+01  1.510000e+00
     vertex -8.187500e+00 -4.585215e+01  1.510000e+00
     vertex -8.137356e+00 -4.629719e+01  1.510000e+00
   endloop
 endfacet
 facet normal  0.000000e+00  0.000000e+00  1.000000e+00
   outer loop
     vertex  1.081250e+01 -5.060215e+01  1.510000e+00
     vertex  1.124884e+01 -5.184913e+01  1.510000e+00
     vertex  1.156552e+01 -5.216581e+01  1.510000e+00
   endloop
 endfacet
 facet normal  0.000000e+00  0.000000e+00  1.000000e+00
   outer loop
     vertex  1.081250e+01 -5.060215e+01  1.510000e+00
     vertex  1.101056e+01 -5.146992e+01  1.510000e+00
     vertex  1.124884e+01 -5.184913e+01  1.510000e+00
   endloop
 endfacet
 facet normal  0.000000e+00  0.000000e+00  1.000000e+00
   outer loop
     vertex  1.081250e+01 -5.060215e+01  1.510000e+00
     vertex  1.086264e+01 -5.104719e+01  1.510000e+00
     vertex  1.101056e+01 -5.146992e+01  1.510000e+00
   endloop
 endfacet
 facet normal  0.000000e+00  0.000000e+00  1.000000e+00
   outer loop
     vertex  1.281250e+01 -5.260215e+01  1.510000e+00
     vertex  1.081250e+01 -5.060215e+01  1.510000e+00
     vertex  1.156552e+01 -5.216581e+01  1.510000e+00
   endloop
 endfacet
 facet normal  0.000000e+00  0.000000e+00  1.000000e+00
   outer loop
     vertex  1.281250e+01 -5.260215e+01  1.510000e+00
     vertex  1.194473e+01 -5.240409e+01  1.510000e+00
     vertex  1.236746e+01 -5.255201e+01  1.510000e+00
   endloop
 endfacet
 facet normal  0.000000e+00  0.000000e+00  1.000000e+00
   outer loop
     vertex  1.281250e+01 -5.260215e+01  1.510000e+00
     vertex  1.156552e+01 -5.216581e+01  1.510000e+00
     vertex  1.194473e+01 -5.240409e+01  1.510000e+00
   endloop
 endfacet
 facet normal  0.000000e+00  0.000000e+00  1.000000e+00
   outer loop
     vertex  8.812500e+00 -4.785215e+01  1.510000e+00
     vertex -8.187500e+00 -4.585215e+01  1.510000e+00
     vertex -6.187500e+00 -4.785215e+01  1.510000e+00
   endloop
 endfacet
 facet normal  0.000000e+00  0.000000e+00  1.000000e+00
   outer loop
     vertex  1.081250e+01 -4.985215e+01  1.510000e+00
     vertex  1.081250e+01 -5.060215e+01  1.510000e+00
     vertex  1.281250e+01 -5.260215e+01  1.510000e+00
   endloop
 endfacet
 facet normal  0.000000e+00  0.000000e+00  1.000000e+00
   outer loop
     vertex  1.076236e+01 -4.940711e+01  1.510000e+00
     vertex  1.081250e+01 -4.985215e+01  1.510000e+00
     vertex  1.281250e+01 -5.260215e+01  1.510000e+00
   endloop
 endfacet
 facet normal  0.000000e+00  0.000000e+00  1.000000e+00
   outer loop
     vertex  1.061444e+01 -4.898438e+01  1.510000e+00
     vertex  1.076236e+01 -4.940711e+01  1.510000e+00
     vertex  1.281250e+01 -5.260215e+01  1.510000e+00
   endloop
 endfacet
 facet normal  0.000000e+00  0.000000e+00  1.000000e+00
   outer loop
     vertex -8.187500e+00 -2.605215e+01  1.510000e+00
     vertex -8.187500e+00 -4.585215e+01  1.510000e+00
     vertex  8.812500e+00 -4.785215e+01  1.510000e+00
   endloop
 endfacet
 facet normal  0.000000e+00  0.000000e+00  1.000000e+00
   outer loop
     vertex -8.187500e+00 -2.605215e+01  1.510000e+00
     vertex  8.812500e+00 -4.785215e+01  1.510000e+00
     vertex  9.257542e+00 -4.790229e+01  1.510000e+00
   endloop
 endfacet
 facet normal  0.000000e+00  0.000000e+00  1.000000e+00
   outer loop
     vertex -8.237644e+00 -2.560711e+01  1.510000e+00
     vertex -8.187500e+00 -2.605215e+01  1.510000e+00
     vertex  9.257542e+00 -4.790229e+01  1.510000e+00
   endloop
 endfacet
 facet normal  0.000000e+00  0.000000e+00  1.000000e+00
   outer loop
     vertex -8.237644e+00 -2.560711e+01  1.510000e+00
     vertex  9.257542e+00 -4.790229e+01  1.510000e+00
     vertex  9.680268e+00 -4.805021e+01  1.510000e+00
   endloop
 endfacet
 facet normal  0.000000e+00  0.000000e+00  1.000000e+00
   outer loop
     vertex -7.488750e+01  4.954785e+01  1.510000e+00
     vertex -7.488750e+01 -2.680215e+01  1.510000e+00
     vertex -3.193448e+01 -2.448849e+01  1.510000e+00
   endloop
 endfacet
 facet normal  0.000000e+00  0.000000e+00  1.000000e+00
   outer loop
     vertex  2.942636e+01 -5.260215e+01  1.510000e+00
     vertex  1.061444e+01 -4.898438e+01  1.510000e+00
     vertex  1.281250e+01 -5.260215e+01  1.510000e+00
   endloop
 endfacet
 facet normal  0.000000e+00  0.000000e+00  1.000000e+00
   outer loop
     vertex  2.942636e+01 -5.260215e+01  1.510000e+00
     vertex  1.037616e+01 -4.860517e+01  1.510000e+00
     vertex  1.061444e+01 -4.898438e+01  1.510000e+00
   endloop
 endfacet
 facet normal  0.000000e+00  0.000000e+00  1.000000e+00
   outer loop
     vertex  2.942636e+01 -5.260215e+01  1.510000e+00
     vertex  1.005948e+01 -4.828849e+01  1.510000e+00
     vertex  1.037616e+01 -4.860517e+01  1.510000e+00
   endloop
 endfacet
 facet normal  0.000000e+00  0.000000e+00  1.000000e+00
   outer loop
     vertex  2.942636e+01 -5.260215e+01  1.510000e+00
     vertex  9.680268e+00 -4.805021e+01  1.510000e+00
     vertex  1.005948e+01 -4.828849e+01  1.510000e+00
   endloop
 endfacet
 facet normal  0.000000e+00  0.000000e+00  1.000000e+00
   outer loop
     vertex -7.413448e+01  5.111151e+01  1.510000e+00
     vertex -7.468944e+01  5.041562e+01  1.510000e+00
     vertex -7.483736e+01  4.999289e+01  1.510000e+00
   endloop
 endfacet
 facet normal  0.000000e+00  0.000000e+00  1.000000e+00
   outer loop
     vertex -7.413448e+01  5.111151e+01  1.510000e+00
     vertex -7.445116e+01  5.079483e+01  1.510000e+00
     vertex -7.468944e+01  5.041562e+01  1.510000e+00
   endloop
 endfacet
 facet normal  0.000000e+00  0.000000e+00  1.000000e+00
   outer loop
     vertex -7.375527e+01  5.134979e+01  1.510000e+00
     vertex -7.483736e+01  4.999289e+01  1.510000e+00
     vertex -7.488750e+01  4.954785e+01  1.510000e+00
   endloop
 endfacet
 facet normal  0.000000e+00  0.000000e+00  1.000000e+00
   outer loop
     vertex -7.375527e+01  5.134979e+01  1.510000e+00
     vertex -7.413448e+01  5.111151e+01  1.510000e+00
     vertex -7.483736e+01  4.999289e+01  1.510000e+00
   endloop
 endfacet
 facet normal  0.000000e+00  0.000000e+00  1.000000e+00
   outer loop
     vertex -7.288750e+01  5.154785e+01  1.510000e+00
     vertex -7.333254e+01  5.149771e+01  1.510000e+00
     vertex -7.375527e+01  5.134979e+01  1.510000e+00
   endloop
 endfacet
 facet normal  0.000000e+00  0.000000e+00  1.000000e+00
   outer loop
     vertex -7.288750e+01  5.154785e+01  1.510000e+00
     vertex -7.375527e+01  5.134979e+01  1.510000e+00
     vertex -7.488750e+01  4.954785e+01  1.510000e+00
   endloop
 endfacet
 facet normal  0.000000e+00  0.000000e+00  1.000000e+00
   outer loop
     vertex  5.073553e+01 -6.104468e+01  1.510000e+00
     vertex  4.985790e+01 -6.089576e+01  1.510000e+00
     vertex  5.028833e+01 -6.101967e+01  1.510000e+00
   endloop
 endfacet
 facet normal  0.000000e+00  0.000000e+00  1.000000e+00
   outer loop
     vertex  5.159085e+01 -6.079802e+01  1.510000e+00
     vertex  5.073553e+01 -6.104468e+01  1.510000e+00
     vertex  5.117709e+01 -6.096954e+01  1.510000e+00
   endloop
 endfacet
 facet normal  0.000000e+00  0.000000e+00  1.000000e+00
   outer loop
     vertex  5.159085e+01 -6.079802e+01  1.510000e+00
     vertex  4.985790e+01 -6.089576e+01  1.510000e+00
     vertex  5.073553e+01 -6.104468e+01  1.510000e+00
   endloop
 endfacet
 facet normal  0.000000e+00  0.000000e+00  1.000000e+00
   outer loop
     vertex  5.225441e+01 -6.020465e+01  1.510000e+00
     vertex  5.159085e+01 -6.079802e+01  1.510000e+00
     vertex  5.195606e+01 -6.053872e+01  1.510000e+00
   endloop
 endfacet
 facet normal  0.000000e+00  0.000000e+00  1.000000e+00
   outer loop
     vertex  5.247093e+01 -5.981256e+01  1.510000e+00
     vertex  3.019136e+01 -5.275424e+01  1.510000e+00
     vertex  4.985790e+01 -6.089576e+01  1.510000e+00
   endloop
 endfacet
 facet normal  0.000000e+00  0.000000e+00  1.000000e+00
   outer loop
     vertex  5.247093e+01 -5.981256e+01  1.510000e+00
     vertex  4.985790e+01 -6.089576e+01  1.510000e+00
     vertex  5.159085e+01 -6.079802e+01  1.510000e+00
   endloop
 endfacet
 facet normal  0.000000e+00  0.000000e+00  1.000000e+00
   outer loop
     vertex  5.247093e+01 -5.981256e+01  1.510000e+00
     vertex  5.159085e+01 -6.079802e+01  1.510000e+00
     vertex  5.225441e+01 -6.020465e+01  1.510000e+00
   endloop
 endfacet
 facet normal  0.000000e+00  0.000000e+00  1.000000e+00
   outer loop
     vertex -3.878750e+01  5.154785e+01  1.510000e+00
     vertex -7.288750e+01  5.154785e+01  1.510000e+00
     vertex -7.488750e+01  4.954785e+01  1.510000e+00
   endloop
 endfacet
 facet normal  0.000000e+00  0.000000e+00  1.000000e+00
   outer loop
     vertex -3.878750e+01  5.154785e+01  1.510000e+00
     vertex -3.113254e+01 -2.410229e+01  1.510000e+00
     vertex -3.068750e+01 -2.405215e+01  1.510000e+00
   endloop
 endfacet
 facet normal  0.000000e+00  0.000000e+00  1.000000e+00
   outer loop
     vertex -3.878750e+01  5.154785e+01  1.510000e+00
     vertex -3.155527e+01 -2.425021e+01  1.510000e+00
     vertex -3.113254e+01 -2.410229e+01  1.510000e+00
   endloop
 endfacet
 facet normal  0.000000e+00  0.000000e+00  1.000000e+00
   outer loop
     vertex -3.878750e+01  5.154785e+01  1.510000e+00
     vertex -3.193448e+01 -2.448849e+01  1.510000e+00
     vertex -3.155527e+01 -2.425021e+01  1.510000e+00
   endloop
 endfacet
 facet normal  0.000000e+00  0.000000e+00  1.000000e+00
   outer loop
     vertex -3.878750e+01  5.154785e+01  1.510000e+00
     vertex -7.488750e+01  4.954785e+01  1.510000e+00
     vertex -3.193448e+01 -2.448849e+01  1.510000e+00
   endloop
 endfacet
 facet normal  0.000000e+00  0.000000e+00  1.000000e+00
   outer loop
     vertex -3.834246e+01  5.159799e+01  1.510000e+00
     vertex -3.878750e+01  5.154785e+01  1.510000e+00
     vertex -3.068750e+01 -2.405215e+01  1.510000e+00
   endloop
 endfacet
 facet normal  0.000000e+00  0.000000e+00  1.000000e+00
   outer loop
     vertex -3.791973e+01  5.174591e+01  1.510000e+00
     vertex -3.068750e+01 -2.405215e+01  1.510000e+00
     vertex -1.018750e+01 -2.405215e+01  1.510000e+00
   endloop
 endfacet
 facet normal  0.000000e+00  0.000000e+00  1.000000e+00
   outer loop
     vertex -3.791973e+01  5.174591e+01  1.510000e+00
     vertex -3.834246e+01  5.159799e+01  1.510000e+00
     vertex -3.068750e+01 -2.405215e+01  1.510000e+00
   endloop
 endfacet
 facet normal  0.000000e+00  0.000000e+00  1.000000e+00
   outer loop
     vertex -3.635116e+01  5.554483e+01  1.510000e+00
     vertex -3.658944e+01  5.516562e+01  1.510000e+00
     vertex -3.673736e+01  5.474289e+01  1.510000e+00
   endloop
 endfacet
 facet normal  0.000000e+00  0.000000e+00  1.000000e+00
   outer loop
     vertex -3.603448e+01  5.586151e+01  1.510000e+00
     vertex -3.635116e+01  5.554483e+01  1.510000e+00
     vertex -3.673736e+01  5.474289e+01  1.510000e+00
   endloop
 endfacet
 facet normal  0.000000e+00  0.000000e+00  1.000000e+00
   outer loop
     vertex -3.565527e+01  5.609979e+01  1.510000e+00
     vertex -3.673736e+01  5.474289e+01  1.510000e+00
     vertex -3.678750e+01  5.429785e+01  1.510000e+00
   endloop
 endfacet
 facet normal  0.000000e+00  0.000000e+00  1.000000e+00
   outer loop
     vertex -3.565527e+01  5.609979e+01  1.510000e+00
     vertex -3.603448e+01  5.586151e+01  1.510000e+00
     vertex -3.673736e+01  5.474289e+01  1.510000e+00
   endloop
 endfacet
 facet normal  0.000000e+00  0.000000e+00  1.000000e+00
   outer loop
     vertex -3.478750e+01  5.629785e+01  1.510000e+00
     vertex -3.565527e+01  5.609979e+01  1.510000e+00
     vertex -3.678750e+01  5.429785e+01  1.510000e+00
   endloop
 endfacet
 facet normal  0.000000e+00  0.000000e+00  1.000000e+00
   outer loop
     vertex -3.478750e+01  5.629785e+01  1.510000e+00
     vertex -3.523254e+01  5.624771e+01  1.510000e+00
     vertex -3.565527e+01  5.609979e+01  1.510000e+00
   endloop
 endfacet
 facet normal  0.000000e+00  0.000000e+00  1.000000e+00
   outer loop
     vertex -3.478750e+01  5.629785e+01  1.510000e+00
     vertex -3.678750e+01  5.429785e+01  1.510000e+00
     vertex -3.678750e+01  5.354785e+01  1.510000e+00
   endloop
 endfacet
 facet normal  0.000000e+00  0.000000e+00  1.000000e+00
   outer loop
     vertex -3.478750e+01  5.629785e+01  1.510000e+00
     vertex -3.683764e+01  5.310281e+01  1.510000e+00
     vertex -3.698556e+01  5.268008e+01  1.510000e+00
   endloop
 endfacet
 facet normal  0.000000e+00  0.000000e+00  1.000000e+00
   outer loop
     vertex -3.478750e+01  5.629785e+01  1.510000e+00
     vertex -3.678750e+01  5.354785e+01  1.510000e+00
     vertex -3.683764e+01  5.310281e+01  1.510000e+00
   endloop
 endfacet
 facet normal  0.000000e+00  0.000000e+00  1.000000e+00
   outer loop
     vertex -1.973750e+01  5.629785e+01  1.510000e+00
     vertex -3.754052e+01  5.198419e+01  1.510000e+00
     vertex -3.791973e+01  5.174591e+01  1.510000e+00
   endloop
 endfacet
 facet normal  0.000000e+00  0.000000e+00  1.000000e+00
   outer loop
     vertex -1.973750e+01  5.629785e+01  1.510000e+00
     vertex -3.722384e+01  5.230087e+01  1.510000e+00
     vertex -3.754052e+01  5.198419e+01  1.510000e+00
   endloop
 endfacet
 facet normal  0.000000e+00  0.000000e+00  1.000000e+00
   outer loop
     vertex -1.973750e+01  5.629785e+01  1.510000e+00
     vertex -3.698556e+01  5.268008e+01  1.510000e+00
     vertex -3.722384e+01  5.230087e+01  1.510000e+00
   endloop
 endfacet
 facet normal  0.000000e+00  0.000000e+00  1.000000e+00
   outer loop
     vertex -1.973750e+01  5.629785e+01  1.510000e+00
     vertex -3.478750e+01  5.629785e+01  1.510000e+00
     vertex -3.698556e+01  5.268008e+01  1.510000e+00
   endloop
 endfacet
 facet normal  0.000000e+00  0.000000e+00  1.000000e+00
   outer loop
     vertex -1.973750e+01  5.629785e+01  1.510000e+00
     vertex -3.791973e+01  5.174591e+01  1.510000e+00
     vertex -1.018750e+01 -2.405215e+01  1.510000e+00
   endloop
 endfacet
 facet normal  0.000000e+00  0.000000e+00  1.000000e+00
   outer loop
     vertex -1.929246e+01  5.634799e+01  1.510000e+00
     vertex -1.973750e+01  5.629785e+01  1.510000e+00
     vertex -1.018750e+01 -2.405215e+01  1.510000e+00
   endloop
 endfacet
 facet normal  0.000000e+00  0.000000e+00  1.000000e+00
   outer loop
     vertex -1.730116e+01  6.029483e+01  1.510000e+00
     vertex -1.753944e+01  5.991562e+01  1.510000e+00
     vertex -1.768736e+01  5.949289e+01  1.510000e+00
   endloop
 endfacet
 facet normal  0.000000e+00  0.000000e+00  1.000000e+00
   outer loop
     vertex -1.698448e+01  6.061151e+01  1.510000e+00
     vertex -1.730116e+01  6.029483e+01  1.510000e+00
     vertex -1.768736e+01  5.949289e+01  1.510000e+00
   endloop
 endfacet
 facet normal  0.000000e+00  0.000000e+00  1.000000e+00
   outer loop
     vertex -1.618254e+01  6.099771e+01  1.510000e+00
     vertex -1.660527e+01  6.084979e+01  1.510000e+00
     vertex -1.698448e+01  6.061151e+01  1.510000e+00
   endloop
 endfacet
 facet normal  0.000000e+00  0.000000e+00  1.000000e+00
   outer loop
     vertex -1.573750e+01  6.104785e+01  1.510000e+00
     vertex -1.768736e+01  5.949289e+01  1.510000e+00
     vertex -1.773750e+01  5.904785e+01  1.510000e+00
   endloop
 endfacet
 facet normal  0.000000e+00  0.000000e+00  1.000000e+00
   outer loop
     vertex -1.573750e+01  6.104785e+01  1.510000e+00
     vertex -1.773750e+01  5.904785e+01  1.510000e+00
     vertex -1.773750e+01  5.829785e+01  1.510000e+00
   endloop
 endfacet
 facet normal  0.000000e+00  0.000000e+00  1.000000e+00
   outer loop
     vertex -1.573750e+01  6.104785e+01  1.510000e+00
     vertex -1.778764e+01  5.785281e+01  1.510000e+00
     vertex -1.793556e+01  5.743008e+01  1.510000e+00
   endloop
 endfacet
 facet normal  0.000000e+00  0.000000e+00  1.000000e+00
   outer loop
     vertex -1.573750e+01  6.104785e+01  1.510000e+00
     vertex -1.773750e+01  5.829785e+01  1.510000e+00
     vertex -1.778764e+01  5.785281e+01  1.510000e+00
   endloop
 endfacet
 facet normal  0.000000e+00  0.000000e+00  1.000000e+00
   outer loop
     vertex -1.573750e+01  6.104785e+01  1.510000e+00
     vertex -1.618254e+01  6.099771e+01  1.510000e+00
     vertex -1.698448e+01  6.061151e+01  1.510000e+00
   endloop
 endfacet
 facet normal  0.000000e+00  0.000000e+00  1.000000e+00
   outer loop
     vertex -1.573750e+01  6.104785e+01  1.510000e+00
     vertex -1.698448e+01  6.061151e+01  1.510000e+00
     vertex -1.768736e+01  5.949289e+01  1.510000e+00
   endloop
 endfacet
 facet normal  0.000000e+00  0.000000e+00  1.000000e+00
   outer loop
     vertex  4.414800e+01  7.792824e+00  1.510000e+00
     vertex -8.385562e+00 -2.518438e+01  1.510000e+00
     vertex -8.237644e+00 -2.560711e+01  1.510000e+00
   endloop
 endfacet
 facet normal  0.000000e+00  0.000000e+00  1.000000e+00
   outer loop
     vertex  4.414800e+01  7.792824e+00  1.510000e+00
     vertex -8.237644e+00 -2.560711e+01  1.510000e+00
     vertex  9.680268e+00 -4.805021e+01  1.510000e+00
   endloop
 endfacet
 facet normal  0.000000e+00  0.000000e+00  1.000000e+00
   outer loop
     vertex  4.456203e+01  7.474970e+00  1.510000e+00
     vertex  4.414800e+01  7.792824e+00  1.510000e+00
     vertex  9.680268e+00 -4.805021e+01  1.510000e+00
   endloop
 endfacet
 facet normal  0.000000e+00  0.000000e+00  1.000000e+00
   outer loop
     vertex  4.456203e+01  7.474970e+00  1.510000e+00
     vertex  9.680268e+00 -4.805021e+01  1.510000e+00
     vertex  2.942636e+01 -5.260215e+01  1.510000e+00
   endloop
 endfacet
 facet normal  0.000000e+00  0.000000e+00  1.000000e+00
   outer loop
     vertex  4.456203e+01  7.474970e+00  1.510000e+00
     vertex  2.942636e+01 -5.260215e+01  1.510000e+00
     vertex  2.968728e+01 -5.261925e+01  1.510000e+00
   endloop
 endfacet
 facet normal  0.000000e+00  0.000000e+00  1.000000e+00
   outer loop
     vertex  4.383031e+01  8.206984e+00  1.510000e+00
     vertex -8.385562e+00 -2.518438e+01  1.510000e+00
     vertex  4.414800e+01  7.792824e+00  1.510000e+00
   endloop
 endfacet
 facet normal  0.000000e+00  0.000000e+00  1.000000e+00
   outer loop
     vertex  4.383031e+01  8.206984e+00  1.510000e+00
     vertex -8.623837e+00 -2.480517e+01  1.510000e+00
     vertex -8.385562e+00 -2.518438e+01  1.510000e+00
   endloop
 endfacet
 facet normal  0.000000e+00  0.000000e+00  1.000000e+00
   outer loop
     vertex  4.504421e+01  7.275074e+00  1.510000e+00
     vertex  4.456203e+01  7.474970e+00  1.510000e+00
     vertex  2.968728e+01 -5.261925e+01  1.510000e+00
   endloop
 endfacet
 facet normal  0.000000e+00  0.000000e+00  1.000000e+00
   outer loop
     vertex  4.504421e+01  7.275074e+00  1.510000e+00
     vertex  2.994374e+01 -5.267023e+01  1.510000e+00
     vertex  3.019136e+01 -5.275424e+01  1.510000e+00
   endloop
 endfacet
 facet normal  0.000000e+00  0.000000e+00  1.000000e+00
   outer loop
     vertex  4.504421e+01  7.275074e+00  1.510000e+00
     vertex  2.968728e+01 -5.261925e+01  1.510000e+00
     vertex  2.994374e+01 -5.267023e+01  1.510000e+00
   endloop
 endfacet
 facet normal  0.000000e+00  0.000000e+00  1.000000e+00
   outer loop
     vertex  4.363061e+01  8.689243e+00  1.510000e+00
     vertex -8.940520e+00 -2.448849e+01  1.510000e+00
     vertex -8.623837e+00 -2.480517e+01  1.510000e+00
   endloop
 endfacet
 facet normal  0.000000e+00  0.000000e+00  1.000000e+00
   outer loop
     vertex  4.363061e+01  8.689243e+00  1.510000e+00
     vertex -8.623837e+00 -2.480517e+01  1.510000e+00
     vertex  4.383031e+01  8.206984e+00  1.510000e+00
   endloop
 endfacet
 facet normal  0.000000e+00  0.000000e+00  1.000000e+00
   outer loop
     vertex  4.556169e+01  7.206750e+00  1.510000e+00
     vertex  4.504421e+01  7.275074e+00  1.510000e+00
     vertex  3.019136e+01 -5.275424e+01  1.510000e+00
   endloop
 endfacet
 facet normal  0.000000e+00  0.000000e+00  1.000000e+00
   outer loop
     vertex  4.356250e+01  9.206750e+00  1.510000e+00
     vertex -9.319732e+00 -2.425021e+01  1.510000e+00
     vertex -8.940520e+00 -2.448849e+01  1.510000e+00
   endloop
 endfacet
 facet normal  0.000000e+00  0.000000e+00  1.000000e+00
   outer loop
     vertex  4.356250e+01  9.206750e+00  1.510000e+00
     vertex -9.742458e+00 -2.410229e+01  1.510000e+00
     vertex -9.319732e+00 -2.425021e+01  1.510000e+00
   endloop
 endfacet
 facet normal  0.000000e+00  0.000000e+00  1.000000e+00
   outer loop
     vertex  4.356250e+01  9.206750e+00  1.510000e+00
     vertex -8.940520e+00 -2.448849e+01  1.510000e+00
     vertex  4.363061e+01  8.689243e+00  1.510000e+00
   endloop
 endfacet
 facet normal  0.000000e+00  0.000000e+00  1.000000e+00
   outer loop
     vertex  5.848837e+00  5.705087e+01  1.510000e+00
     vertex -1.817384e+01  5.705087e+01  1.510000e+00
     vertex -1.849052e+01  5.673419e+01  1.510000e+00
   endloop
 endfacet
 facet normal  0.000000e+00  0.000000e+00  1.000000e+00
   outer loop
     vertex  5.848837e+00  5.705087e+01  1.510000e+00
     vertex -1.793556e+01  5.743008e+01  1.510000e+00
     vertex -1.817384e+01  5.705087e+01  1.510000e+00
   endloop
 endfacet
 facet normal  0.000000e+00  0.000000e+00  1.000000e+00
   outer loop
     vertex  5.848837e+00  5.705087e+01  1.510000e+00
     vertex -1.849052e+01  5.673419e+01  1.510000e+00
     vertex  6.165520e+00  5.673419e+01  1.510000e+00
   endloop
 endfacet
 facet normal  0.000000e+00  0.000000e+00  1.000000e+00
   outer loop
     vertex  6.544732e+00  5.649591e+01  1.510000e+00
     vertex -1.886973e+01  5.649591e+01  1.510000e+00
     vertex -1.929246e+01  5.634799e+01  1.510000e+00
   endloop
 endfacet
 facet normal  0.000000e+00  0.000000e+00  1.000000e+00
   outer loop
     vertex  6.544732e+00  5.649591e+01  1.510000e+00
     vertex -1.849052e+01  5.673419e+01  1.510000e+00
     vertex -1.886973e+01  5.649591e+01  1.510000e+00
   endloop
 endfacet
 facet normal  0.000000e+00  0.000000e+00  1.000000e+00
   outer loop
     vertex  6.544732e+00  5.649591e+01  1.510000e+00
     vertex  6.165520e+00  5.673419e+01  1.510000e+00
     vertex -1.849052e+01  5.673419e+01  1.510000e+00
   endloop
 endfacet
 facet normal  0.000000e+00  0.000000e+00  1.000000e+00
   outer loop
     vertex  5.610562e+00  5.743008e+01  1.510000e+00
     vertex -1.793556e+01  5.743008e+01  1.510000e+00
     vertex  5.848837e+00  5.705087e+01  1.510000e+00
   endloop
 endfacet
 facet normal  0.000000e+00  0.000000e+00  1.000000e+00
   outer loop
     vertex  6.967458e+00  5.634799e+01  1.510000e+00
     vertex -1.929246e+01  5.634799e+01  1.510000e+00
     vertex -1.018750e+01 -2.405215e+01  1.510000e+00
   endloop
 endfacet
 facet normal  0.000000e+00  0.000000e+00  1.000000e+00
   outer loop
     vertex  6.967458e+00  5.634799e+01  1.510000e+00
     vertex  6.544732e+00  5.649591e+01  1.510000e+00
     vertex -1.929246e+01  5.634799e+01  1.510000e+00
   endloop
 endfacet
 facet normal  0.000000e+00  0.000000e+00  1.000000e+00
   outer loop
     vertex  6.967458e+00  5.634799e+01  1.510000e+00
     vertex -1.018750e+01 -2.405215e+01  1.510000e+00
     vertex -9.742458e+00 -2.410229e+01  1.510000e+00
   endloop
 endfacet
 facet normal  0.000000e+00  0.000000e+00  1.000000e+00
   outer loop
     vertex  7.412500e+00  5.629785e+01  1.510000e+00
     vertex  6.967458e+00  5.634799e+01  1.510000e+00
     vertex -9.742458e+00 -2.410229e+01  1.510000e+00
   endloop
 endfacet
 facet normal  0.000000e+00  0.000000e+00  1.000000e+00
   outer loop
     vertex  7.412500e+00  5.629785e+01  1.510000e+00
     vertex -9.742458e+00 -2.410229e+01  1.510000e+00
     vertex  4.356250e+01  9.206750e+00  1.510000e+00
   endloop
 endfacet
 facet normal  0.000000e+00  0.000000e+00  1.000000e+00
   outer loop
     vertex  3.412500e+00  6.104785e+01  1.510000e+00
     vertex -1.793556e+01  5.743008e+01  1.510000e+00
     vertex  5.610562e+00  5.743008e+01  1.510000e+00
   endloop
 endfacet
 facet normal  0.000000e+00  0.000000e+00  1.000000e+00
   outer loop
     vertex  3.412500e+00  6.104785e+01  1.510000e+00
     vertex  5.462644e+00  5.785281e+01  1.510000e+00
     vertex  5.412500e+00  5.829785e+01  1.510000e+00
   endloop
 endfacet
 facet normal  0.000000e+00  0.000000e+00  1.000000e+00
   outer loop
     vertex  3.412500e+00  6.104785e+01  1.510000e+00
     vertex  5.610562e+00  5.743008e+01  1.510000e+00
     vertex  5.462644e+00  5.785281e+01  1.510000e+00
   endloop
 endfacet
 facet normal  0.000000e+00  0.000000e+00  1.000000e+00
   outer loop
     vertex  3.412500e+00  6.104785e+01  1.510000e+00
     vertex -1.573750e+01  6.104785e+01  1.510000e+00
     vertex -1.793556e+01  5.743008e+01  1.510000e+00
   endloop
 endfacet
 facet normal  0.000000e+00  0.000000e+00  1.000000e+00
   outer loop
     vertex  5.412500e+00  5.904785e+01  1.510000e+00
     vertex  3.412500e+00  6.104785e+01  1.510000e+00
     vertex  5.412500e+00  5.829785e+01  1.510000e+00
   endloop
 endfacet
 facet normal  0.000000e+00  0.000000e+00  1.000000e+00
   outer loop
     vertex  4.976163e+00  6.029483e+01  1.510000e+00
     vertex  3.412500e+00  6.104785e+01  1.510000e+00
     vertex  5.412500e+00  5.904785e+01  1.510000e+00
   endloop
 endfacet
 facet normal  0.000000e+00  0.000000e+00  1.000000e+00
   outer loop
     vertex  4.976163e+00  6.029483e+01  1.510000e+00
     vertex  3.857542e+00  6.099771e+01  1.510000e+00
     vertex  3.412500e+00  6.104785e+01  1.510000e+00
   endloop
 endfacet
 facet normal  0.000000e+00  0.000000e+00  1.000000e+00
   outer loop
     vertex  4.976163e+00  6.029483e+01  1.510000e+00
     vertex  4.280268e+00  6.084979e+01  1.510000e+00
     vertex  3.857542e+00  6.099771e+01  1.510000e+00
   endloop
 endfacet
 facet normal  0.000000e+00  0.000000e+00  1.000000e+00
   outer loop
     vertex  4.976163e+00  6.029483e+01  1.510000e+00
     vertex  4.659480e+00  6.061151e+01  1.510000e+00
     vertex  4.280268e+00  6.084979e+01  1.510000e+00
   endloop
 endfacet
 facet normal  0.000000e+00  0.000000e+00  1.000000e+00
   outer loop
     vertex  4.976163e+00  6.029483e+01  1.510000e+00
     vertex  5.362356e+00  5.949289e+01  1.510000e+00
     vertex  5.214438e+00  5.991562e+01  1.510000e+00
   endloop
 endfacet
 facet normal  0.000000e+00  0.000000e+00  1.000000e+00
   outer loop
     vertex  4.976163e+00  6.029483e+01  1.510000e+00
     vertex  5.412500e+00  5.904785e+01  1.510000e+00
     vertex  5.362356e+00  5.949289e+01  1.510000e+00
   endloop
 endfacet
 facet normal  0.000000e+00  0.000000e+00  1.000000e+00
   outer loop
     vertex  7.471053e+01 -6.066851e+00  1.510000e+00
     vertex  3.019136e+01 -5.275424e+01  1.510000e+00
     vertex  5.247093e+01 -5.981256e+01  1.510000e+00
   endloop
 endfacet
 facet normal  0.000000e+00  0.000000e+00  1.000000e+00
   outer loop
     vertex  7.471053e+01 -6.066851e+00  1.510000e+00
     vertex  4.556169e+01  7.206750e+00  1.510000e+00
     vertex  3.019136e+01 -5.275424e+01  1.510000e+00
   endloop
 endfacet
 facet normal  0.000000e+00  0.000000e+00  1.000000e+00
   outer loop
     vertex  7.486250e+01 -5.302147e+00  1.510000e+00
     vertex  7.479448e+01 -5.819323e+00  1.510000e+00
     vertex  7.484542e+01 -5.562962e+00  1.510000e+00
   endloop
 endfacet
 facet normal  0.000000e+00  0.000000e+00  1.000000e+00
   outer loop
     vertex  7.486250e+01 -5.302147e+00  1.510000e+00
     vertex  7.471053e+01 -6.066851e+00  1.510000e+00
     vertex  7.479448e+01 -5.819323e+00  1.510000e+00
   endloop
 endfacet
 facet normal  0.000000e+00  0.000000e+00  1.000000e+00
   outer loop
     vertex  7.486250e+01 -5.302147e+00  1.510000e+00
     vertex  4.556169e+01  7.206750e+00  1.510000e+00
     vertex  7.471053e+01 -6.066851e+00  1.510000e+00
   endloop
 endfacet
 facet normal  0.000000e+00  0.000000e+00  1.000000e+00
   outer loop
     vertex  2.526552e+01  5.198419e+01  1.510000e+00
     vertex  2.494884e+01  5.230087e+01  1.510000e+00
     vertex  7.412500e+00  5.629785e+01  1.510000e+00
   endloop
 endfacet
 facet normal  0.000000e+00  0.000000e+00  1.000000e+00
   outer loop
     vertex  2.471056e+01  5.268008e+01  1.510000e+00
     vertex  7.412500e+00  5.629785e+01  1.510000e+00
     vertex  2.494884e+01  5.230087e+01  1.510000e+00
   endloop
 endfacet
 facet normal  0.000000e+00  0.000000e+00  1.000000e+00
   outer loop
     vertex  2.564473e+01  5.174591e+01  1.510000e+00
     vertex  7.412500e+00  5.629785e+01  1.510000e+00
     vertex  4.356250e+01  9.206750e+00  1.510000e+00
   endloop
 endfacet
 facet normal  0.000000e+00  0.000000e+00  1.000000e+00
   outer loop
     vertex  2.564473e+01  5.174591e+01  1.510000e+00
     vertex  2.526552e+01  5.198419e+01  1.510000e+00
     vertex  7.412500e+00  5.629785e+01  1.510000e+00
   endloop
 endfacet
 facet normal  0.000000e+00  0.000000e+00  1.000000e+00
   outer loop
     vertex  2.606746e+01  5.159799e+01  1.510000e+00
     vertex  2.564473e+01  5.174591e+01  1.510000e+00
     vertex  4.356250e+01  9.206750e+00  1.510000e+00
   endloop
 endfacet
 facet normal  0.000000e+00  0.000000e+00  1.000000e+00
   outer loop
     vertex  2.651250e+01  5.154785e+01  1.510000e+00
     vertex  2.606746e+01  5.159799e+01  1.510000e+00
     vertex  4.356250e+01  9.206750e+00  1.510000e+00
   endloop
 endfacet
 facet normal  0.000000e+00  0.000000e+00  1.000000e+00
   outer loop
     vertex  2.251250e+01  5.629785e+01  1.510000e+00
     vertex  7.412500e+00  5.629785e+01  1.510000e+00
     vertex  2.471056e+01  5.268008e+01  1.510000e+00
   endloop
 endfacet
 facet normal  0.000000e+00  0.000000e+00  1.000000e+00
   outer loop
     vertex  2.251250e+01  5.629785e+01  1.510000e+00
     vertex  2.456264e+01  5.310281e+01  1.510000e+00
     vertex  2.451250e+01  5.354785e+01  1.510000e+00
   endloop
 endfacet
 facet normal  0.000000e+00  0.000000e+00  1.000000e+00
   outer loop
     vertex  2.251250e+01  5.629785e+01  1.510000e+00
     vertex  2.471056e+01  5.268008e+01  1.510000e+00
     vertex  2.456264e+01  5.310281e+01  1.510000e+00
   endloop
 endfacet
 facet normal  0.000000e+00  0.000000e+00  1.000000e+00
   outer loop
     vertex  2.251250e+01  5.629785e+01  1.510000e+00
     vertex  2.451250e+01  5.354785e+01  1.510000e+00
     vertex  2.451250e+01  5.429785e+01  1.510000e+00
   endloop
 endfacet
 facet normal  0.000000e+00  0.000000e+00  1.000000e+00
   outer loop
     vertex  2.431444e+01  5.516562e+01  1.510000e+00
     vertex  2.251250e+01  5.629785e+01  1.510000e+00
     vertex  2.451250e+01  5.429785e+01  1.510000e+00
   endloop
 endfacet
 facet normal  0.000000e+00  0.000000e+00  1.000000e+00
   outer loop
     vertex  2.431444e+01  5.516562e+01  1.510000e+00
     vertex  2.295754e+01  5.624771e+01  1.510000e+00
     vertex  2.251250e+01  5.629785e+01  1.510000e+00
   endloop
 endfacet
 facet normal  0.000000e+00  0.000000e+00  1.000000e+00
   outer loop
     vertex  2.431444e+01  5.516562e+01  1.510000e+00
     vertex  2.338027e+01  5.609979e+01  1.510000e+00
     vertex  2.295754e+01  5.624771e+01  1.510000e+00
   endloop
 endfacet
 facet normal  0.000000e+00  0.000000e+00  1.000000e+00
   outer loop
     vertex  2.431444e+01  5.516562e+01  1.510000e+00
     vertex  2.451250e+01  5.429785e+01  1.510000e+00
     vertex  2.446236e+01  5.474289e+01  1.510000e+00
   endloop
 endfacet
 facet normal  0.000000e+00  0.000000e+00  1.000000e+00
   outer loop
     vertex  2.407616e+01  5.554483e+01  1.510000e+00
     vertex  2.375948e+01  5.586151e+01  1.510000e+00
     vertex  2.338027e+01  5.609979e+01  1.510000e+00
   endloop
 endfacet
 facet normal  0.000000e+00  0.000000e+00  1.000000e+00
   outer loop
     vertex  2.407616e+01  5.554483e+01  1.510000e+00
     vertex  2.338027e+01  5.609979e+01  1.510000e+00
     vertex  2.431444e+01  5.516562e+01  1.510000e+00
   endloop
 endfacet
 facet normal  0.000000e+00  0.000000e+00  1.000000e+00
   outer loop
     vertex  7.286331e+01  7.195674e+00  1.510000e+00
     vertex  7.486250e+01 -5.302147e+00  1.510000e+00
     vertex  7.486250e+01  5.195674e+00  1.510000e+00
   endloop
 endfacet
 facet normal  0.000000e+00  0.000000e+00  1.000000e+00
   outer loop
     vertex  7.286331e+01  7.195674e+00  1.510000e+00
     vertex  4.556169e+01  7.206750e+00  1.510000e+00
     vertex  7.486250e+01 -5.302147e+00  1.510000e+00
   endloop
 endfacet
 facet normal  0.000000e+00  0.000000e+00  1.000000e+00
   outer loop
     vertex  7.386296e+01  6.927443e+00  1.510000e+00
     vertex  7.338079e+01  7.127343e+00  1.510000e+00
     vertex  7.286331e+01  7.195674e+00  1.510000e+00
   endloop
 endfacet
 facet normal  0.000000e+00  0.000000e+00  1.000000e+00
   outer loop
     vertex  7.427699e+01  6.609589e+00  1.510000e+00
     vertex  7.479438e+01  5.713178e+00  1.510000e+00
     vertex  7.459467e+01  6.195432e+00  1.510000e+00
   endloop
 endfacet
 facet normal  0.000000e+00  0.000000e+00  1.000000e+00
   outer loop
     vertex  7.427699e+01  6.609589e+00  1.510000e+00
     vertex  7.486250e+01  5.195674e+00  1.510000e+00
     vertex  7.479438e+01  5.713178e+00  1.510000e+00
   endloop
 endfacet
 facet normal  0.000000e+00  0.000000e+00  1.000000e+00
   outer loop
     vertex  7.427699e+01  6.609589e+00  1.510000e+00
     vertex  7.286331e+01  7.195674e+00  1.510000e+00
     vertex  7.486250e+01  5.195674e+00  1.510000e+00
   endloop
 endfacet
 facet normal  0.000000e+00  0.000000e+00  1.000000e+00
   outer loop
     vertex  7.427699e+01  6.609589e+00  1.510000e+00
     vertex  7.386296e+01  6.927443e+00  1.510000e+00
     vertex  7.286331e+01  7.195674e+00  1.510000e+00
   endloop
 endfacet
 facet normal  0.000000e+00  0.000000e+00  1.000000e+00
   outer loop
     vertex  4.356250e+01  4.954785e+01  1.510000e+00
     vertex  2.651250e+01  5.154785e+01  1.510000e+00
     vertex  4.356250e+01  9.206750e+00  1.510000e+00
   endloop
 endfacet
 facet normal  0.000000e+00  0.000000e+00  1.000000e+00
   outer loop
     vertex  4.156250e+01  5.154785e+01  1.510000e+00
     vertex  2.651250e+01  5.154785e+01  1.510000e+00
     vertex  4.356250e+01  4.954785e+01  1.510000e+00
   endloop
 endfacet
 facet normal  0.000000e+00  0.000000e+00  1.000000e+00
   outer loop
     vertex  4.280948e+01  5.111151e+01  1.510000e+00
     vertex  4.243027e+01  5.134979e+01  1.510000e+00
     vertex  4.200754e+01  5.149771e+01  1.510000e+00
   endloop
 endfacet
 facet normal  0.000000e+00  0.000000e+00  1.000000e+00
   outer loop
     vertex  4.312616e+01  5.079483e+01  1.510000e+00
     vertex  4.200754e+01  5.149771e+01  1.510000e+00
     vertex  4.156250e+01  5.154785e+01  1.510000e+00
   endloop
 endfacet
 facet normal  0.000000e+00  0.000000e+00  1.000000e+00
   outer loop
     vertex  4.312616e+01  5.079483e+01  1.510000e+00
     vertex  4.351236e+01  4.999289e+01  1.510000e+00
     vertex  4.336444e+01  5.041562e+01  1.510000e+00
   endloop
 endfacet
 facet normal  0.000000e+00  0.000000e+00  1.000000e+00
   outer loop
     vertex  4.312616e+01  5.079483e+01  1.510000e+00
     vertex  4.356250e+01  4.954785e+01  1.510000e+00
     vertex  4.351236e+01  4.999289e+01  1.510000e+00
   endloop
 endfacet
 facet normal  0.000000e+00  0.000000e+00  1.000000e+00
   outer loop
     vertex  4.312616e+01  5.079483e+01  1.510000e+00
     vertex  4.280948e+01  5.111151e+01  1.510000e+00
     vertex  4.200754e+01  5.149771e+01  1.510000e+00
   endloop
 endfacet
 facet normal  0.000000e+00  0.000000e+00  1.000000e+00
   outer loop
     vertex  4.312616e+01  5.079483e+01  1.510000e+00
     vertex  4.156250e+01  5.154785e+01  1.510000e+00
     vertex  4.356250e+01  4.954785e+01  1.510000e+00
   endloop
 endfacet
endsolid
